iso3,country,2004,2005,2006,2007,2008,2009,2010,2011,2012,2013,2014,2015,2016,2017,2018,2019,2020,2021,2022,2023,2024
ABW,Aruba,100,100,100,100,100,100,93.4,100,100,100,100,100,100,100,100,100,100,100,99.9,100,
AFG,Afghanistan,23.8,28.7,33.5,38.4,42.4,48.3,42.7,43.2,69.1,68,89.5,71.5,97.7,97.7,93.4,97.7,97.7,97.7,85.3,85.3,
AGO,Angola,28.4,29.4,30.5,37.5,38.5,33.8,35,34.6,37.3,38.4,32,42,41.8,42.9,45.3,45.6,47,48.2,48.5,51.1,
ALB,Albania,99.4,99.4,99.4,99.4,100,99.6,99.6,99.7,99.9,99.9,100,100,99.9,99.9,100,100,100,100,100,100,
AND,Andorra,100,100,100,100,100,100,100,100,100,100,100,100,100,100,100,100,100,100,100,100,
ARE,United Arab Emirates,100,100,100,100,100,100,100,100,100,100,100,100,100,100,100,100,100,100,100,100,
ARG,Argentina,96.5,96.7,97,97.2,97.5,97.8,98.8,99,99.1,99.3,100,99.7,99.9,100,100,100,100,100,100,100,
ARM,Armenia,99.1,99.8,99.1,99.2,99.2,99.3,99.8,99.5,99.5,99.4,99.7,100,99.8,99.7,99.9,100,100,100,100,100,
ATG,Antigua and Barbuda,97.9,92.2,100,100,100,98.5,98.7,94.6,100,100,100,100,100,100,100,100,100,100,100,100,
AUS,Australia,100,100,100,100,100,100,100,100,100,100,100,100,100,100,100,100,100,100,100,100,
AUT,Austria,100,100,100,100,100,100,100,100,100,100,100,100,100,100,100,100,100,100,100,100,
AZE,Azerbaijan,99,99.1,99.5,99.5,99.7,99.9,99.9,99.9,100,100,100,100,100,100,100,100,100,100,100,100,
BDI,Burundi,3.7,3.2,2.7,4.7,4.8,5.4,5.3,6.2,6.5,6.9,7,7.9,8.5,9.3,9.5,9.8,9.1,10.2,10.3,11.6,
BEL,Belgium,100,100,100,100,100,100,100,100,100,100,100,100,100,100,100,100,100,100,100,100,
BEN,Benin,25.2,26.1,27.9,28,29,30,34.2,36.9,38.4,34.7,34.1,29.6,37,34.5,39,40,41,42,56.5,57,
BFA,Burkina Faso,10.7,11.1,11.6,12,12.5,12.6,13.1,14.8,15.1,15.4,19.2,16.2,16.6,17,14.4,17.6,18.5,19,19.5,21.7,
BGD,Bangladesh,40.6,44.2,50.5,46.5,54.3,57.1,55.3,59.6,65.5,61.5,62.4,74,75.9,88,86.9,92.2,96.2,99,99.4,99.5,
BGR,Bulgaria,90.1,90.6,91.2,91.7,92.3,92.9,93.5,94.1,94.7,95.3,95.9,96.6,97.3,98.1,98.7,99.2,99.7,99.8,100,100,
BHR,Bahrain,100,100,100,100,100,100,100,100,100,100,100,100,100,100,100,100,100,100,100,100,
BHS,"Bahamas, The",100,100,100,100,100,100,100,100,100,100,100,100,100,100,100,100,100,100,100,100,
BIH,Bosnia and Herzegovina,99.1,99.1,99.4,99.7,99.3,99.4,99.5,99.7,99.7,99.5,99.9,99.7,100,100,100,100,100,100,100,100,
BLR,Belarus,91,91.5,92.1,92.6,93.2,93.8,94.4,95,95.6,96.2,96.8,97.4,98,98.7,99.3,100,100,100,100,100,
BLZ,Belize,82.6,83.5,91,85.2,86.1,86.9,89.9,91.7,90.9,91.1,91.5,91.8,93.3,94.2,91.7,92.7,96.8,97.7,98.6,99.6,
BMU,Bermuda,100,100,100,100,100,100,100,100,100,100,100,100,100,100,100,100,100,100,100,100,
BOL,Bolivia,75.9,68.3,76.2,80.2,84.7,86.8,88,88.3,90.4,89.5,90,91.5,91.8,91.8,92.8,95.1,97.2,98.6,99.9,99.8,
BRA,Brazil,96.8,97.1,97.6,98.1,98.5,98.9,98.6,99.3,99.5,99.6,99.7,99.7,99.7,99.8,99.7,99.8,99.7,99.5,100,99.8,
BRB,Barbados,99.9,99.9,100,100,100,100,100,100,100,100,100,100,100,100,100,100,100,100,100,100,
BRN,Brunei Darussalam,100,100,100,100,100,100,100,100,100,100,100,100,100,100,100,100,100,100,100,100,
BTN,Bhutan,51.9,59.8,59.7,71.8,67.6,71.5,73.3,81.8,91.5,87.4,91.4,95.4,99.3,97.7,100,100,100,100,100,100,
BWA,Botswana,35.3,37.5,39.7,41.9,44.5,43.4,52,53.2,56,58,60,62.1,64.2,67.4,68.3,70.1,71.8,73.7,75.9,76,
CAF,Central African Republic,7,7.4,7.8,8.4,7.5,9.4,9.8,10.4,11,11.5,12,12.7,13.4,14.1,14.6,14.3,15.4,15.7,15.7,17.6,
CAN,Canada,100,100,100,100,100,100,100,100,100,100,100,100,100,100,100,100,100,100,100,100,
CHE,Switzerland,100,100,100,100,100,100,100,100,100,100,100,100,100,100,100,100,100,100,100,100,
CHI,Channel Islands,100,100,100,100,100,100,100,100,100,100,100,100,100,100,100,100,100,100,100,100,
CHL,Chile,97.5,97.7,99.4,98,98.2,99.6,99.5,99.6,100,99.6,100,99.7,100,99.7,100,100,100,100,100,100,
CHN,China,97.7,97.9,98.2,98.5,98.8,99.1,99.7,99.9,99.9,100,100,100,100,100,100,100,100,100,100,100,
CIV,Cote d'Ivoire,52.4,58.9,60.2,55.3,60.3,57.3,58.4,55.8,55.8,61.5,61.9,62.6,64.3,65.6,67.1,68.6,69.9,71.1,72,72.4,
CMR,Cameroon,47.1,47.2,49,48.2,50.6,51.7,52.8,53.7,55.2,56.3,56.8,58.6,59.8,60.9,62.2,63.2,64.3,65.4,71,72,
COD,"Congo, Dem. Rep.",9,6,10.2,15.2,11.6,12.3,13,13.7,15.4,15.2,13.5,16.6,17.3,18,18.7,19.1,20.1,20.8,21.5,22.1,
COG,"Congo, Rep.",33,33.8,34.9,35.8,36.8,37.1,40,40.8,41.6,42.5,43.4,44.3,45.3,46.2,47,47.7,48.7,49.7,50.6,51.3,
COL,Colombia,95.3,96.8,95.7,96,96.8,96.1,96.8,96.7,97,97.8,97.8,98.2,98.4,98.5,98.5,99.4,99.7,100,100,98.7,
COM,Comoros,48.7,51,53.2,55.5,57.8,60.1,69.7,69.3,69.3,69.4,71.8,74.1,76.4,78.7,81,83.3,85.6,87.9,89.9,89.8,
CPV,Cabo Verde,65.4,67,68.8,70.5,72.3,74.1,81.1,82.3,83.2,84.3,85.3,86.4,87.5,88.6,90.2,91.4,93.7,95.5,97.1,98.6,
CRI,Costa Rica,99,99.1,99.1,99.2,99.3,99.4,99,99.2,99.5,99.6,99.4,99.4,99.5,99.6,99.7,99.7,99.9,100,100,100,
CUB,Cuba,96.6,96.8,96.9,97.1,97.3,97.6,97.8,98,98.3,98.5,98.7,99,99.2,99.4,99.6,99.8,99.9,100,100,100,
CUW,Curacao,99.8,99.7,99.7,99.7,99.7,99.7,100,100,100,100,100,100,100,100,100,100,100,100,100,100,
CYM,Cayman Islands,100,100,100,100,100,100,100,100,100,100,100,100,100,100,100,100,100,100,100,100,
CYP,Cyprus,100,100,100,100,100,100,100,100,100,100,100,100,100,100,100,100,100,100,100,100,
CZE,Czechia,100,100,100,100,100,100,100,100,100,100,100,100,100,100,100,100,100,100,100,100,
DEU,Germany,100,100,100,100,100,100,100,100,100,100,100,100,100,100,100,100,100,100,100,100,
DJI,Djibouti,56.6,56.8,55.5,57.2,57.4,57.6,57.9,58.1,54.6,58.6,58.9,59.1,59.8,60.2,62.4,64.7,64.5,65.4,65,65.2,
DMA,Dominica,85,86,87,88.1,90.9,90.2,91.3,90.1,93.5,94.6,95.7,96.7,97.8,98.9,99.6,99.9,100,100,100,100,
DNK,Denmark,100,100,100,100,100,100,100,100,100,100,100,100,100,100,100,100,100,100,100,100,
DOM,Dominican Republic,90.3,90.1,90.1,96.9,97.6,97.9,98.1,97.9,97.9,98.4,98.5,98.6,98.9,100,98.9,99,100,98.1,98.1,99.6,
DZA,Algeria,98.6,98.6,98.7,98.7,99.3,98.8,98.9,99,98.8,99.2,99.3,99.4,99.4,99.5,99.6,99.5,99.7,99.8,100,100,
ECU,Ecuador,94.8,95.8,96.3,96.8,97.2,96.5,97.5,96.9,97.2,98,99,98.8,98.7,99.2,98.7,99.1,98.9,100,100,98.7,
EGY,"Egypt, Arab Rep.",97.8,99.4,99,98.4,99.8,98.9,99.4,99.4,99.7,99.9,99.8,99.3,100,100,100,100,100,100,100,100,
ERI,Eritrea,33.4,34.5,35.6,36.7,37.8,38.9,40.1,41.2,42.3,43.5,44.6,45.8,46.9,48,49.1,50.3,51.4,52.5,53.4,54.4,
ESP,Spain,100,100,100,100,100,100,100,100,100,100,100,100,100,100,100,100,100,100,100,100,
EST,Estonia,100,100,100,100,100,100,100,100,100,100,100,100,100,100,100,100,100,100,100,100,
ETH,Ethiopia,15.2,14,18.6,20.3,22,23.7,25.5,23,29,30.8,27.2,29,42.9,44.3,44.8,48,51.1,54.2,55.4,55.4,
FIN,Finland,100,100,100,100,100,100,100,100,100,100,100,100,100,100,100,100,100,100,100,100,
FJI,Fiji,80.6,81.6,82.6,88.9,86.2,85.6,92.4,92.5,92.6,91.8,93,93.2,93.4,96,95.1,96.1,97.1,92.1,92,99.3,
FRA,France,100,100,100,100,100,100,100,100,100,100,100,100,100,100,100,100,100,100,100,100,
FRO,Faroe Islands,100,100,100,100,100,100,100,100,100,100,100,100,100,100,100,100,100,100,100,100,
FSM,"Micronesia, Fed. Sts.",53.5,55.2,57,58.7,60.5,62.2,64.5,66.3,67.8,69.4,71.2,73,74.8,76.5,78.3,80.1,81.9,83.6,85.3,86.9,
GAB,Gabon,79.2,81.6,80.5,81.3,82,82.7,89.3,88.7,89.3,86.4,87.1,87.3,88.1,86.3,89.6,90.3,91.1,91.8,93.5,94.1,
GBR,United Kingdom,100,100,100,100,100,100,100,100,100,100,100,100,100,100,100,100,100,100,100,100,
GEO,Georgia,99.9,97.9,100,100,100,100,100,100,100,100,100,100,100,100,99.9,100,100,100,100,100,
GHA,Ghana,50.8,41.3,55.1,56.9,60.5,61.1,64.2,64.1,56.5,70.7,78.3,74,79.3,79,80.4,83.5,85.4,86.3,85.1,89.5,
GIB,Gibraltar,99.7,99.7,99.7,99.7,99.7,100,100,99.8,99.9,99.9,99.9,100,100,100,100,100,100,100,100,100,
GIN,Guinea,20.2,20.2,22.8,24.1,25.4,26.7,28.1,29.5,26.2,32.2,33.5,34.9,33.5,35.4,45,42.2,44.7,46.8,47.7,51.1,
GMB,"Gambia, The",34.8,30.5,38.1,39.8,41.5,43.2,46.8,48.3,49.9,51.5,53,54.7,56.4,56.2,60.3,62.1,62.2,63.7,65.4,66.9,
GNB,Guinea-Bissau,3.9,5.2,14.5,7.9,9.3,4.7,6,13.5,14.9,16.3,17.2,20.1,22.9,26,28.4,30.9,33.4,35.8,37.4,40.5,
GNQ,Equatorial Guinea,64.9,65,65.1,65.1,65.2,65.4,66.1,66.1,65.7,65.9,66,66.1,66.2,66.4,66.5,66.6,66.7,66.8,67,66.9,
GRC,Greece,100,100,100,100,100,100,100,100,100,100,100,100,100,100,100,100,100,100,100,100,
GRD,Grenada,87.2,87.5,87.9,88.2,90,89,89.4,88.8,90.2,90.6,91,91.4,91.8,92.2,92.3,93,93.4,93.7,94.2,94.4,
GRL,Greenland,100,100,100,100,100,100,100,100,100,100,100,100,100,100,100,100,100,100,100,100,
GTM,Guatemala,77.2,78.3,83.7,80.7,81.9,83.1,84.3,84,86.8,88.1,85.5,90.5,91.8,93.3,94.2,95.4,96.6,97.9,99.1,100,
GUM,Guam,100,100,100,100,100,100,100,100,100,100,100,100,100,100,100,100,100,100,100,100,
GUY,Guyana,76.8,77.5,73.4,78.5,79.1,77.6,83.3,84.2,85.1,86,86.9,88,89,90,90.9,91.6,92.3,92.9,93,98.9,
HKG,"Hong Kong SAR, China",100,100,100,100,100,100,100,100,100,100,100,100,100,100,100,100,100,100,100,100,
HND,Honduras,67.1,68.9,71.3,73.5,76.4,78.3,81,82.2,83.6,87.2,88.7,90,91.6,86.5,91.6,91.1,93.1,94.1,94.4,95.6,
HRV,Croatia,99.9,99.9,99.8,99.8,100,100,100,100,100,100,100,100,100,100,100,100,100,100,100,100,
HTI,Haiti,34.1,34.5,33.9,35.5,36.1,36.6,37.2,37.8,37.9,38.9,39.6,40.8,40.4,43.3,44.4,45.4,46.3,47.2,49.3,51.3,
HUN,Hungary,100,99.9,99.9,100,100,100,100,100,100,100,100,100,100,100,100,100,100,100,100,100,
IDN,Indonesia,89,84.8,90.6,91.1,92.7,93.6,94.2,94.8,96,96.5,97,97.5,97.6,98.1,98.5,98.9,97,99.2,100,99.4,
IMN,Isle of Man,100,100,100,100,100,100,100,100,100,100,100,100,100,100,100,100,100,100,100,100,
IND,India,64.4,68.8,67.9,72.3,74.1,75,76.3,79.5,79.9,83.1,85.1,88,89.6,91.8,95.7,95.9,96.5,99.6,99.2,99.5,
IRL,Ireland,100,100,100,100,100,100,100,100,100,100,100,100,100,100,100,100,100,100,100,100,
IRN,"Iran, Islamic Rep.",98.3,98.4,98.4,98.7,98.8,99.7,99.4,99.5,99.5,99.8,100,100,100,99.9,100,100,100,100,100,100,
IRQ,Iraq,97.3,97.4,97.6,98.1,97.9,98.1,98.4,98,99.3,99,99.2,99.4,99.7,99.9,99.9,100,100,100,100,100,
ISL,Iceland,100,100,100,100,100,100,100,100,100,100,100,100,100,100,100,100,100,100,100,100,
ISR,Israel,100,100,100,100,100,100,100,100,100,100,100,100,100,100,100,100,100,100,100,100,
ITA,Italy,100,100,100,100,100,100,100,100,100,100,100,100,100,100,100,100,100,100,100,100,
JAM,Jamaica,87.2,88,88.7,89.4,92,91,92.2,91.1,93.1,93.9,93.3,94.9,96.6,97.4,98.2,98.9,99.7,100,100,97.7,
JOR,Jordan,99.2,99,100,98.8,100,99.4,100,99.6,99.5,99.7,99.8,99.9,100,100,99.9,99.9,99.9,99.9,100,100,
JPN,Japan,100,100,100,100,100,100,100,100,100,100,100,100,100,100,100,100,100,100,100,100,
KAZ,Kazakhstan,100,100,99.8,100,100,100,100,99.8,100,100,100,100,100,100,100,100,100,100,100,100,
KEN,Kenya,22.6,24.5,26.4,28.3,30.3,23,19.2,36.2,38.1,40.1,36,41.6,53.1,55.8,61.2,69.7,71.5,76.5,76,76.2,
KGZ,Kyrgyz Republic,99.3,99.4,98.9,99.5,99.5,99.5,99,98.3,99.8,98.9,99.8,98.7,99.7,100,100,99.9,99.9,99.7,99.7,100,
KHM,Cambodia,14.2,20.5,27.5,20.2,26.4,25.6,31.1,37.4,42.3,50.9,56.1,62.7,68.8,89.1,80.7,84,86.4,82.5,92.3,95,
KIR,Kiribati,62.4,69.7,68.8,67.7,69.4,64.2,63.2,74.9,76.7,78.8,83.4,90.6,92.6,85.7,87.5,89.3,91,92.8,94.4,95.9,
KNA,St. Kitts and Nevis,96.3,96.5,96.7,97,97.3,97.6,99.8,100,100,100,100,100,100,100,100,100,100,100,100,100,
KOR,"Korea, Rep.",100,100,100,100,100,100,100,100,100,100,100,100,100,100,100,100,100,100,100,100,
KWT,Kuwait,100,100,100,100,100,100,100,100,100,100,100,100,100,100,100,100,100,100,100,100,
LAO,Lao PDR,53.5,57.2,57,55,66,67.4,70.2,70,76.4,79.3,82.5,89.7,89,93.6,92.9,98.4,99.3,100,100,96.5,
LBN,Lebanon,99.9,99.2,99.4,97.8,99.9,99.3,99.5,99.7,99.5,99.6,99.7,99.7,99.8,99.9,99.7,100,100,100,100,100,
LBR,Liberia,,,,3,1.3,1.9,5.3,4.1,9.3,9.8,9.4,15.2,17.7,24.2,22.8,23.1,27.6,29.8,31.8,32.5,
LBY,Libya,91.8,90.1,88.4,86.8,85.1,83.5,81.9,80.3,78.7,77.1,75.5,73.8,72.2,70.6,67,68.5,69.4,70.2,70,73.2,
LCA,St. Lucia,89.3,90.1,90.9,91.8,92.7,93.5,94.2,95.4,95.3,97.2,98.1,99,99.8,99.9,100,100,100,100,100,100,
LIE,Liechtenstein,100,100,100,100,100,100,100,100,100,100,100,100,100,100,100,100,100,100,100,100,
LKA,Sri Lanka,76.5,78.1,82.1,80,82.9,87.1,85.3,87.8,87,90.2,92.7,94.3,97.5,97.5,99.6,99.8,100,100,100,100,
LSO,Lesotho,6.8,9.6,9.7,13.9,16,17,17,22.5,20.6,26.9,27.8,31.8,35.1,33.7,47,44.6,47.5,50.4,50,57.3,
LTU,Lithuania,99.4,99.4,99.4,99.4,99.4,99.5,99.7,99.7,100,100,100,100,100,100,100,100,100,100,100,100,
LUX,Luxembourg,100,100,100,100,100,100,100,100,100,100,100,100,100,100,100,100,100,100,100,100,
LVA,Latvia,99.7,99.7,99.6,99.7,99.7,100,99.8,99.8,100,100,100,100,100,100,100,100,100,100,100,100,
MAC,"Macao SAR, China",100,100,100,100,100,100,100,100,100,100,100,100,100,100,100,100,100,100,100,100,
MAF,St. Martin (French part),99.8,99.7,99.7,99.7,99.7,99.7,100,100,100,100,100,100,100,100,100,100,100,100,100,100,
MAR,Morocco,78.2,78.6,96.5,82.2,84.1,85.9,95.7,96.1,96.4,97.2,97.3,97.3,97.8,100,98.1,99.6,100,100,100,100,
MCO,Monaco,100,100,100,100,100,100,100,100,100,100,100,100,100,100,100,100,100,100,100,100,
MDA,Moldova,99.1,98.6,98.9,99,99.1,99.2,99.3,99.4,99.5,99.6,99.8,99.9,99.9,100,100,100,100,100,100,100,
MDG,Madagascar,15.3,16,16.8,17.5,18.3,17.4,12.3,14.3,18.7,12.9,23,23.8,22.9,24.1,36.5,31,32,35.1,36.1,39.4,
MDV,Maldives,90,90.9,91.7,92.6,93.6,99.9,99,99.1,99.2,99.4,100,99.8,100,99.8,100,100,100,100,100,100,
MEX,Mexico,98.6,98.9,99.1,97.9,98.9,98.3,99.2,99,99.1,99.1,99.2,99,99.5,100,99.5,99.6,99.4,100,100,99.7,
MHL,Marshall Islands,74.3,75.7,77.2,72.3,80.2,81.7,89.4,89.9,90.4,90.9,91.5,92.1,92.7,93.8,95.3,96.8,98.3,99.8,100,100,
MKD,North Macedonia,99.4,99.1,99,99.1,99.2,99.2,99.5,99.7,99.6,99.7,99.8,99.9,100,100,99.8,100,100,100,100,100,
MLI,Mali,16.4,18.2,16.6,21.7,23.4,24,27,28.8,25.6,32.4,34.2,37.6,38.8,34.8,50.9,47.9,50.6,53.4,53,54.5,
MLT,Malta,100,100,100,100,100,100,100,100,100,100,100,100,100,100,100,100,100,100,100,100,
MMR,Myanmar,46.2,47.3,48.4,49.5,50.6,51.8,48.8,54.1,55.3,56.5,52,60.5,55.6,69.8,66.1,68.3,70.4,72.5,73.6,76.8,
MNE,Montenegro,99,99.8,99,99,99,99.1,99.2,99,99.3,99.7,97.7,99.5,99.6,100,100,100,99.9,99.8,100,100,
MNG,Mongolia,74.8,86.2,77,78.1,79.2,80.3,78.5,72.1,83.7,81.2,86,88,90.8,93.6,98.1,98.9,99.5,100,100,100,
MNP,Northern Mariana Islands,99.8,99.8,99.7,100,100,100,100,100,100,100,100,100,100,100,100,100,100,100,100,100,
MOZ,Mozambique,10.7,11.8,13,12.4,13.6,15,18.9,20.2,21.2,22.4,24.8,24,26.2,24.3,31.1,29.7,30.6,31.5,33.2,36,
MRT,Mauritania,24.3,18.2,27,33,30,31.1,34.2,35.3,36.4,37.6,38.8,39.5,41.2,42.9,43.6,44.9,45.4,47.7,49,50.3,
MUS,Mauritius,99,99,99,99,99,99,99.4,99.6,99.4,99.4,99.5,99.6,99.7,99.6,99.8,100,99.5,99.6,100,100,
MWI,Malawi,6.9,6.6,3.7,7.4,7.8,8.3,8.7,7.6,7.4,9,11.9,10.8,11,12.7,18,11.2,11.5,14.2,14,15.6,
MYS,Malaysia,98.7,98.7,98.8,98.9,99,99.3,99.5,99.5,99.8,99.6,99.7,99.9,99.9,100,100,100,100,100,100,100,
NAM,Namibia,38.7,39.6,40.5,43.7,42.4,44.1,44.4,42.3,46.4,47.4,48.4,51.6,49.7,52.5,52.3,53.3,52.3,55.2,56.2,56.7,
NCL,New Caledonia,100,100,100,100,100,100,100,100,100,100,100,100,100,100,100,100,100,100,100,100,
NER,Niger,9.7,7.1,9.3,11.2,11.8,12.3,13.6,14.3,14.4,15.2,15.7,16.6,17,17.6,17.6,18.5,18.7,18.6,19.5,20.1,
NGA,Nigeria,46.1,46.8,47.6,50.1,50.3,50,48,55.9,53,55.6,54.2,52.5,59.3,54.4,56.5,55.4,55.4,59.5,60.5,61.2,
NIC,Nicaragua,75.2,73.8,76.3,76.9,77.5,77.9,80.1,81.2,81.3,81.9,81.9,83.2,83.9,84.6,85.2,85.7,86,86.3,86.5,88.3,
NLD,Netherlands,100,100,100,100,100,100,100,100,100,100,100,100,100,100,100,100,100,100,100,100,
NOR,Norway,100,100,100,100,100,100,100,100,100,100,100,100,100,100,100,100,100,100,100,100,
NPL,Nepal,37.2,46.1,51.2,52.6,56,59.3,68.6,67.3,75.2,77.4,84.9,82,90.7,86.6,93.9,89.9,89.9,89.9,91.3,94,
NRU,Nauru,99,99,99,99.8,99.1,99.1,99.2,99,99.4,99.4,99.5,99,99.7,99.8,99.9,100,100,100,100,100,
NZL,New Zealand,100,100,100,100,100,100,100,100,100,100,100,100,100,100,100,100,100,100,100,100,
OMN,Oman,100,99.9,99.9,100,100,100,100,100,100,100,100,100,100,100,100,100,100,100,100,100,
PAK,Pakistan,77,78.1,79.1,80.2,81.4,82.5,87.1,87.8,88.6,89.3,90.1,91,91.8,92.7,93.4,93.9,94.5,94.9,95,95.6,
PAN,Panama,83.4,84.1,84.8,85.5,86.3,87,86.9,88.6,89.3,89.1,90.8,91.6,92.4,93.7,93.8,93.9,95.3,95.3,95,97,
PER,Peru,75.7,77.2,80.2,82,84.7,86.4,88.1,89.7,91.1,92.1,92.9,93.9,94.2,94.8,95.2,95.6,96.2,95.6,96.2,96.2,
PHL,Philippines,87.6,79.8,80.2,82,83.3,84.3,85.5,87.2,87.1,87.5,89.8,89.1,92,93,94.2,95.3,96.4,97.5,94.8,98,
PLW,Palau,98.1,98.9,98.3,98.4,98.5,98.6,98.8,98.9,97.6,99.2,99.8,99.5,100,100,100,100,100,100,100,100,
PNG,Papua New Guinea,13.8,14.1,12.4,14.9,15.3,17.2,19.5,17.3,17.5,17.8,18.1,18.4,13.5,19.2,16.6,23.6,20.5,20.9,19,20.5,
POL,Poland,99.9,99.8,99.8,99.8,99.8,100,100,100,100,100,100,100,100,100,100,100,100,100,100,100,
PRI,Puerto Rico (US),100,100,100,100,100,100,100,100,100,100,100,100,100,100,100,100,100,100,100,100,
PRK,"Korea, Dem. People's Rep.",,,,,,26,29.3,31.4,33.6,35.7,37.8,40,42.1,44.2,46.3,48.4,50.5,52.6,54.7,57.5,
PRT,Portugal,100,100,100,100,100,100,100,100,100,100,100,100,100,100,100,100,100,100,100,100,
PRY,Paraguay,93.2,94.7,96.7,96.5,96.7,96.9,97.4,98.2,97.8,99,99,99.3,98.4,99.3,99.6,99.7,99.7,100,100,99.8,
PSE,West Bank and Gaza,99.5,99.6,99.7,98.8,99.8,99.9,99.9,99.7,99.8,99.9,99.9,99.9,100,99.9,100,100,100,100,100,100,
PYF,French Polynesia,100,100,100,100,100,100,100,100,100,100,100,100,100,100,100,100,100,100,100,100,
QAT,Qatar,100,100,100,100,100,100,100,100,100,100,100,100,100,100,100,100,100,100,100,100,
ROU,Romania,95.3,95.6,95.9,96.1,96.5,96.8,97.1,97.4,97.8,98.1,98.4,98.8,99.1,100,99.8,100,100,100,100,100,
RUS,Russian Federation,98,98,98.1,98.2,98.3,98.4,99.3,99.2,100,100,100,95.5,99.4,100,100,99.8,99.9,100,100,100,
RWA,Rwanda,8.7,4.8,11.4,12.8,6,15.6,9.7,10.8,17.5,15.2,19.8,22.8,29.4,34.1,38,46.6,45.2,48.7,50.6,63.9,
SAU,Saudi Arabia,100,100,100,100,100,100,100,100,100,100,100,100,99.9,100,99.9,100,100,100,100,100,
SDN,Sudan,30.2,30.5,30.8,31.1,20,29,36,38.3,40.7,43.1,44.9,48,50.5,53,55.3,57.6,59.7,61.8,63.2,66,
SEN,Senegal,36.8,47.1,49.9,48.1,49.7,53.5,56.5,56.5,56.5,57,61,60.5,64.5,61.7,66,70.4,64.3,68,67.9,74.2,
SGP,Singapore,100,100,100,100,100,100,100,100,100,100,100,100,100,100,100,100,100,100,100,100,
SLB,Solomon Islands,16.3,19.2,14.4,12.9,28.1,21.2,35.4,39.1,42.9,44.7,50.5,55.1,58.2,62.9,65.8,69.4,72.9,76.3,76,81.3,
SLE,Sierra Leone,16.8,11.3,12.2,13,12.1,14.6,11.5,14.2,17.2,13.5,18.8,19.7,20.3,23.4,26.1,22.7,26.3,27.5,29.4,35.5,
SLV,El Salvador,87.4,87.5,89.2,91.1,91,91.1,91.6,92.6,93.7,95,95.1,95.4,96,96.8,97,97.4,99.7,97.9,100,98.3,
SMR,San Marino,100,100,100,100,100,100,100,100,100,100,100,100,100,100,100,100,100,100,100,100,
SOM,"Somalia, Fed. Rep.",12.4,15,15.2,20.2,22.9,25.5,52.3,52,51.8,51.5,51.4,51.2,51.1,52.1,50.7,49.2,49.9,49.3,48.9,50.3,
SRB,Serbia,99.6,99.7,99.6,99.6,99.6,99.6,99.7,99.7,99.8,99.9,99.7,99.9,99.9,100,100,99.8,100,100,100,100,
SSD,South Sudan,,,,0.8,1.3,3,1.5,2.8,3.3,3.8,4.3,4.8,5.3,4.2,6.3,6.8,7.3,7.7,8.4,5.4,
STP,Sao Tome and Principe,54.7,55.8,56.9,58,59.1,56.9,61.4,62.6,57.9,65,68.6,67.3,69.4,74.3,71,75.1,76.8,78.5,78,81.3,
SUR,Suriname,95,94.9,91,94.7,94.7,94.6,91.2,94.6,94.6,94.6,94.6,95,95.8,96.6,97.4,97.9,98.4,98.8,99,99.6,
SVK,Slovak Republic,100,99.9,99.9,100,100,100,100,100,100,100,100,100,100,100,100,100,100,100,100,100,
SVN,Slovenia,100,100,100,100,100,100,100,100,100,100,100,100,100,100,100,100,100,100,100,100,
SWE,Sweden,100,100,100,100,100,100,100,100,100,100,100,100,100,100,100,100,100,100,100,100,
SWZ,Eswatini,31.4,34.2,35.2,39.8,42.6,38.6,45.6,51.2,54.3,57.5,65,64.1,63.4,73.5,74,77,80,82.9,82.3,86.4,
SXM,Sint Maarten (Dutch part),99.8,99.7,99.7,99.7,99.7,99.7,100,100,100,100,100,100,100,100,100,100,100,100,100,100,
SYC,Seychelles,95.2,95.5,99,96.1,96.5,96.8,97,98.1,98.3,98,100,100,100,100,100,100,100,100,100,100,
SYR,Syrian Arab Republic,92.3,92,99.5,91.5,91.3,91.1,92.7,91.5,90.7,90.4,90.2,90,89.8,89.6,86,89.2,89,88.8,89,88.4,
TCA,Turks and Caicos Islands,95.7,96,96.2,96.6,96.9,100,100,100,93.1,100,100,100,100,100,100,100,99.4,100,99.9,100,
TCD,Chad,3.5,4.8,5.1,5.5,5.9,6.3,6.4,9,7.8,8.1,8.4,7.7,9.2,10.9,10.1,8.4,10.9,11.3,11.7,12,
TGO,Togo,24.8,26.5,27.9,30,31.8,33.7,30.8,39.7,39.1,41,45.7,44.7,46.8,48,50,52.5,54.1,55.7,57.2,59.2,
THA,Thailand,92.2,92.8,99.1,94.1,94.8,99,99.7,99.3,99.1,99.4,99.5,99.6,99.9,99.9,99.8,99.9,100,100,99.9,100,
TJK,Tajikistan,98.5,99.3,98.6,98.6,98.6,99,98.8,98.9,99.1,99,99.1,98,99.3,99.3,99.3,99.4,99.5,99.6,100,100,
TKM,Turkmenistan,99.5,99.5,99.8,99.6,99.6,99.7,100,99.8,99.9,99.9,100,100,100,100,100,99.9,100,100,100,100,
TLS,Timor-Leste,30.4,33.5,36.7,36.6,43.1,46.3,38,52.7,56,59.2,62.4,67.3,76.5,79.5,85.2,90.6,96,100,99.7,100,
TON,Tonga,88.3,89,92.3,90.5,91.2,92,92.8,92.2,92.8,95.1,95.9,100,97,98.2,99,98.4,99.9,100,100,100,
TTO,Trinidad and Tobago,96.8,95,100,100,100,99,100,97.5,100,100,100,100,100,100,100,100,100,100,100,98.7,
TUN,Tunisia,99,99.2,99.4,99.4,99.4,99.5,99.5,99.5,99.5,99.7,99.8,99.9,100,100,99.8,100,99.9,99.9,100,100,
TUR,Turkiye,99.7,99.7,99.7,99.7,99.7,99.7,100,100,100,100,100,100,100,100,100,100,100,100,100,100,
TUV,Tuvalu,95.3,95.5,95.7,96.7,96.2,96.5,96.7,97,97.7,97.6,97.9,98.1,97.3,98.7,99,99.7,99.4,99.7,100,100,
TZA,Tanzania,11.4,13.8,14.9,15.9,11.5,11.2,14.8,14.2,15.3,16.4,23.5,26.2,32.8,32.1,34.9,37.7,39.9,42.7,45.8,48.3,
UGA,Uganda,11.6,8.9,9,14.8,15.9,10,12.1,14.6,20.5,13.9,20.4,18.5,26.7,32.4,41.9,41.3,42.1,45.2,47.1,51.5,
UKR,Ukraine,99.4,99.9,99.5,99.8,99.8,99.9,100,100,99.9,100,100,100,100,100,100,100,100,100,100,100,
URY,Uruguay,98,98,98.5,98.7,98.8,99.1,99.3,99.2,99.6,99.6,99.7,99.7,99.7,99.8,99.8,99.9,100,100,100,100,
USA,United States,100,100,100,100,100,100,100,100,100,100,100,100,100,100,100,100,100,100,100,100,
UZB,Uzbekistan,99.5,99.4,99.5,99.5,99.5,99.5,99.6,99.7,99.7,99.8,99.8,99.9,99.9,100,100,100,100,99.9,100,100,
VCT,St. Vincent and the Grenadines,84.9,86.2,87.5,88.8,90.1,91.4,92.7,94.1,95.4,96.8,98.1,99.4,99.7,100,100,100,100,100,100,100,
VEN,"Venezuela, RB",99.1,98.8,99.3,98.9,98.9,99,99.1,98.8,99.3,99.4,100,100,99.4,99.2,99.9,99.8,99.9,100,100,100,
VGB,British Virgin Islands,97.5,97.6,97.8,97.9,98.1,98.3,98.3,98.7,98.9,99.1,99.2,100,100,100,100,100,100,100,100,100,
VIR,Virgin Islands (U.S.),100,100,100,100,100,100,100,100,100,100,100,100,100,100,100,100,100,100,100,100,
VNM,Viet Nam,91,96.1,96,93.1,93.8,96.1,97.4,99,97.9,98.5,99.2,99.3,99.2,100,100,99.4,99.8,100,100,99.8,
VUT,Vanuatu,29.2,31,26.4,33.6,36.5,33.3,44.1,42,43.9,31.7,49.1,52.3,57.8,62.8,61.6,64.5,67.3,70,71.6,61.6,
WSM,Samoa,90.5,91.1,96.4,92.5,98.1,97.9,96.4,96.7,96.8,97,97.9,98.2,98.9,96.8,99.8,99.2,100,98.3,98.3,100,
YEM,"Yemen, Rep.",49.6,54.8,55.8,57.2,58.4,59.6,60.8,62,52.4,75.6,66.1,67.4,68.9,79.2,62,72.8,73.9,74.9,76,83.6,
ZAF,South Africa,80.6,80.8,80.7,82,81.9,82.6,82.8,83.6,85.2,85.2,85.9,85.3,83.9,84.4,84.7,85,90,89.3,86.5,87.7,
ZMB,Zambia,20.3,23.3,24.1,18.5,25.7,26.6,22,28.3,29.2,30.1,27.9,31.1,35.4,40.3,40.2,43,44.6,46.7,47.8,51.1,
ZWE,Zimbabwe,35.6,36.1,37.2,37.2,37.7,43.4,38.9,36.9,44,40.6,32.3,33.7,42.5,44,45.4,46.7,52.7,49,50.1,62,
