iso3,country,region,income_group,gdp_per_capita,gdp_per_capita_ppp,gdp_total,population,life_expectancy,gini,health_expenditure_gdp,unemployment,inflation,policy_rate,gdp_growth,exports_gdp,poverty,education_expenditure,fertility,urban_population,co2_per_capita,internet_users,electricity_access,mobile_subscriptions
ABW,Aruba,Latin America & Caribbean ,High income,39498.5941293797,50649.3015232212,4265650673.00236,107995,76.5,,,,5.24829298572316,,6.81077669324542,83.9924869695432,,3.61855755636695,1.606,61.7909396819594,5.14838649937497,97.17,100,130.647974615427
AFG,Afghanistan,"Middle East, North Africa, Afghanistan & Pakistan",Low income,413.757894705303,2201.72290691677,17152234636.8715,42647492,66.289,,14.9857626,13.351,-0.8423608961477762,,2.26694373649188,16.8527881206002,,4.34319019317627,4.761,25.7007352636188,0.2829802981146,16.09499931,85.3,60.0990815591219
AGO,Angola,Sub-Saharan Africa ,Lower middle income,2665.87444776753,10118.6089945408,100998916781.079,37885849,64.805,51.3,2.54692864,14.108,10.87726781164598,,4.42390664406875,31.4835234652022,39.3,2.51273663315785,5.048,70.6551379036435,0.741712294740973,40.70479965,51.1,69.7039467163584
ALB,Albania,Europe & Central Asia,Upper middle income,11377.7757431099,26701.6749563776,27046429296.6673,2377128,79.776,29.4,7.05240345,10.926,2.83727001507157,,4.04592845095348,36.2848685351465,0.3,3.09153008460998,1.341,58.5463634043555,1.7852214941728,85.86389923,100,89.1328603947682
AND,Andorra,Europe & Central Asia,High income,49303.6491674336,74939.4746038578,4039842405.48117,81938,84.188,,7.69928026,,,,3.37182032638998,,,1.89867997169495,1.087,88.8850044816278,,94.39759827,100,155.692108667529
ARE,United Arab Emirates,"Middle East, North Africa, Afghanistan & Pakistan",High income,50273.5060469837,79228.738801276,552324846834.581,10986400,83.069,26.4,4.97095108,2.174,2.048814754259012,,3.99180705485398,106.846139017261,0,3.89404010772705,1.213,85.8171088279791,18.2552064370494,100,100,203.206410299544
ARG,Argentina,Latin America & Caribbean ,Upper middle income,13969.7836603737,30431.1931223693,638365455340.04,45696159,77.543,42.4,10.2695179,7.145,32.35068020872158,29.0,-1.34293072157739,15.2497485928824,1,5.00324010848999,1.504,92.2742315972952,4.01066531653131,89.66715228,100,140.234979049333
ARM,Armenia,Europe & Central Asia,Upper middle income,8556.21406956719,22823.1795255693,25955275380.0321,3033500,78.319512195122,27.4,9.32119179,12.871,4.244229464469785,,5.90000000046228,73.6253540067184,0.8,2.43869996070862,1.7,65.8113671449901,2.47028185264546,81.33930206,100,134.88694751567
ASM,American Samoa,East Asia & Pacific,High income,18017.4589383973,,871000000,46765,72.992,,,,,,1.73501577287065,46.9575200918485,,,2.267,80.9446986961818,0.0021383513311237,,,
ATG,Antigua and Barbuda,Latin America & Caribbean ,High income,23542.4526945578,33386.1917127894,2207622874.07407,93772,77.766,,3.91348195,,3.127004490057729,,3.65638765956977,54.7237649635992,,3.10505161832136,1.582,24.3906919254799,3.79857526767052,72.73040009,100,200.540715208962
AUS,Australia,East Asia & Pacific,High income,64603.9856308464,72111.1844628126,1757022451652.83,27196812,83.0512195121951,33.8,10.39852047,4.09,4.175111471422781,4.35,1.37340773365975,24.6215240529473,0.9,5.05915021896362,1.481,87.6021469990446,14.0973544987552,96.13140106,100,112.581025002429
AUT,Austria,Europe & Central Asia,High income,58268.8787651601,73911.439663136,534790720466.822,9177982,81.9951219512195,31.2,11.8325634,5.582,3.19132285004517,2.0,-0.659089573171372,55.6782850851641,0.5,5.27749013900757,1.31,69.4658181096788,6.32278424603578,91.92573373,100,124.45929984531
AZE,Azerbaijan,Europe & Central Asia,Upper middle income,7283.8499076179,25088.9993757134,74315882352.9412,10202830,74.576,,4.27113533,5.457,5.550699300699301,,4.07140205008956,45.9025463640897,,3.66036009788513,1.43,58.573795837717,3.81144251153847,90.80000181,100,109.543149535867
BDI,Burundi,Sub-Saharan Africa ,Low income,219.424830882698,1194.94681370387,3082433067.32634,14047786,63.818,37.5,9.09471226,0.922,12.05047318611987,,4.11227376264944,,74.2,4.5040397644043,4.789,24.8302838651025,0.0689574855425617,8.595999718,11.6,63.1631365759764
BEL,Belgium,Europe & Central Asia,High income,56614.5679499036,73514.4831045258,671370081636.406,11858610,82.3,26.8,10.80371571,5.906,4.001108089169823,2.0,1.07045413019414,79.2730864114732,0.1,6.27611017227173,1.44,87.6126557010527,7.30661519351762,95.77579144,100,103.90465332676
BEN,Benin,Sub-Saharan Africa ,Lower middle income,1485.38018885134,4434.5642184028,21482643706.4249,14462724,60.961,34.4,3.33732462,1.589,-0.4863813229571984,,7.45311566226201,18.84015691814,27.2,3.22974322056608,4.48,52.5455354818423,0.487328666439324,33.98379898,57,125.940873932186
BFA,Burkina Faso,Sub-Saharan Africa ,Low income,981.992649769081,2895.89152033665,23124729853.0218,23548781,61.292,37.4,7.79943228,3.477,0.8119671643226121,,4.79980951667159,28.5577186223644,42.1,5.32757840997187,4.11,28.3352514896662,0.274990879570369,28.25270081,21.7,116.5895933212
BGD,Bangladesh,South Asia,Lower middle income,2593.41611680774,9646.76984383255,450119432068.852,173562364,74.93,30.9,2.17014575,3.778,9.415389239555155,,4.22325911250161,10.4611878291715,5.9,2.0343847791384,2.138,32.6783196323307,0.715539343541092,53.42171316,99.5,108.077037369691
BGR,Bulgaria,Europe & Central Asia,High income,17596.0173663521,41969.4515718999,113343355779.985,6441421,75.7609756097561,39.5,7.91853094,3.536,6.851791651787193,,3.38709063847314,56.3699620840938,1,4.50109004974365,1.72,73.9499356882481,5.30760215797104,82.438955,100,118.067152838789
BHR,Bahrain,"Middle East, North Africa, Afghanistan & Pakistan",High income,29653.5682731534,66941.2430367989,47109734308.5106,1588670,81.423,,3.99562383,1.102,1.386138613861386,,2.60379670648454,87.6749955249627,,1.88778167912993,1.805,100,23.8999918170545,100,100,159.536143577452
BHS,"Bahamas, The",Latin America & Caribbean ,High income,39455.4466548546,41197.9342548477,15832800000,401283,74.71,,6.30260801,9.207,0.3948667324777887,,3.37866553336166,37.7835884998232,,2.74191570247934,1.374,81.3249262966481,3.63633645083395,92.47270203,100,96.6798992232414
BIH,Bosnia and Herzegovina,Europe & Central Asia,Upper middle income,9358.78768951134,25043.0886396127,29613572022.8993,3164253,78.044,30.3,8.9216938,11.037,1.642587160218567,,2.9715174617652,40.8728411216315,0.3,3.24564826597779,1.492,52.1224302754935,6.44935787372249,86.10091103,100,121.232373011893
BLR,Belarus,Europe & Central Asia,Upper middle income,8317.63399913792,33010.3307605357,75961865471.9129,9132629,74.3653414634147,24.4,7.08167362,3.38,5.155168681381762,,4.00984852465452,65.0639450286877,0,5.04593992233276,1.217,79.1551015210848,5.93649429972465,94.26182128,100,131.123016605614
BLZ,Belize,Latin America & Caribbean ,Upper middle income,7681.24400583113,14346.5188049737,3203631800,417072,73.739,39.9,4.14735794,8.856,1.837928153717627,,3.50466435023895,55.2233936496697,1,4.62276317232973,2.021,41.7532107338224,0.932452909809338,80.00582262,99.6,67.1750266305468
BMU,Bermuda,North America,High income,142855.374713782,124252.835702586,9233600000,64636,82.49,,,,,,5.97253260071749,52.1443424016635,,1.86510440752276,1.405,100,4.1354663036079,98.37,100,96.6767745528807
BOL,Bolivia,Latin America & Caribbean ,Lower middle income,4421.16609889999,12877.6351184372,54881327452.9667,12413315,68.739,40.9,6.91864729,2.967,14.18277173186146,,-1.12335595517212,21.4350624296,2.1,7.53980016708374,2.523,71.2361453773988,2.29073378062186,79.70469666,99.8,98.0287940811943
BRA,Brazil,Latin America & Caribbean ,Upper middle income,10310.5488778166,22338.4765640635,2185821648943.86,211998573,76.023,50.3,9.73092747,5.97,4.391510250751044,14.5,3.41931516597739,17.9385794398128,3,5.61920976638794,1.614,87.8958549533146,2.31826466114939,84.46347227,99.8,101.926846460424
BRB,Barbados,Latin America & Caribbean ,High income,26544.8707282621,24822.5343309908,7498050000,282467,76.332,34.1,5.40463829,6.524,1.336898395721925,,2.4822621396186,,1.7,3.55593188106322,1.708,59.5397032429174,2.52348061897496,70.36470032,100,114.580721030894
BRN,Brunei Darussalam,East Asia & Pacific,High income,33153.4738913513,89879.3614980758,15340808592.48,462721,75.501,,2.2286067,5.277,0.1019392369770984,,4.05251709306727,74.2707417079449,,4.42539978027344,1.731,74.8983133873697,20.2426516194424,96.29828801,100,118.130579766209
BTN,Bhutan,South Asia,Lower middle income,3831.32535494609,16215.1520073153,3012896789.24928,791524,73.262,28.5,4.41551638,3.227,5.61141434453701,,4.63215704523927,28.3881079027315,0,5.84518003463745,1.449,42.5645249803412,2.01118348906666,91.27739716,100,99.7576826476519
BWA,Botswana,Sub-Saharan Africa ,Upper middle income,7695.75319445165,20538.1320178889,19402063512.9066,2521139,69.293,,6.25574684,24.477,10.26656902554748,,-2.98986879467928,27.394286206936,,8.05833660991541,2.703,67.4623537838418,2.73749285541178,57.45950036,76,163.999922257361
CAF,Central African Republic,Sub-Saharan Africa ,Low income,516.160999996036,1263.10234213699,2751494281.06887,5330690,57.671,43,10.65553188,6.251,-0.4953838756714932,,1.49999999847535,15.007027885938,71.6,1.82995911310419,5.954,44.1243555638904,0.0632938700243308,13.78250027,17.6,38.8217901039988
CAN,Canada,North America,High income,54340.3477224733,64610.3795171971,2243636826633.76,41288599,82.1080487804878,31.5,11.3095665,6.907,2.815177478580171,2.25,1.55479521049516,32.4437742363653,0.3,4.84426021575928,1.25,82.7002565766633,13.9983582392805,94.353302,100,94.1059718794246
CHE,Switzerland,Europe & Central Asia,High income,103998.186685604,96497.6947971323,936564198048.516,9005582,84.4073170731707,33.8,11.69096088,4.873,0.6019526143897123,0.0,1.30233332541106,72.1589447667905,0.2,4.86427021026611,1.29,85.4615370020764,3.74568795220564,97.32103855,100,129.471369643132
CHI,Channel Islands,Europe & Central Asia,High income,74585.5224096294,,12507320838.3932,168126,81.2,,,6.169,,,3.71500590367266,,,,1.37,32.7056211227456,,,100,
CHL,Chile,Latin America & Caribbean ,High income,16709.8893972307,36181.156616977,330267137371.592,19764771,81.359,43,10.53092575,8.974,3.957001204707627,4.5,2.64431154871538,33.7233211746608,0.4,4.91201019287109,1.14,88.9950908479196,3.93744000373189,95.590243,100,132.660408764665
CHN,China,East Asia & Pacific,Upper middle income,13303.1481543868,27104.8702677463,18743803170827.2,1408975000,78.017,36,5.94388866,4.615,1.199919320116831,3.0,4.9773565917572,20.0229166362049,0,3.89714002609253,1.013,65.8946980998325,9.31508933799393,91.6,100,131.753932036803
CIV,Cote d'Ivoire,Sub-Saharan Africa ,Lower middle income,2727.8935220697,7669.23195715687,87113179149.284,31934230,62.11,35.3,3.43218303,2.323,1.887941435246219,,6.01953461940062,26.0276324688564,20.8,3.61279988288879,4.23,53.9733113940142,0.589054440955677,41.43219902,72.4,183.875985110648
CMR,Cameroon,Sub-Saharan Africa ,Lower middle income,1830.00833684727,5588.98645861945,53296694320.2057,29123744,63.968,42.2,4.5545516,3.602,1.865410548635626,,3.52472308052245,15.6732536622499,26.7,2.83907623667935,4.261,55.4031748609078,0.353419532873246,46.25880051,72,108.213130152497
COD,"Congo, Dem. Rep.",Sub-Saharan Africa ,Low income,649.383338556725,1821.04868718058,70962185790.7094,109276265,62.074,44.7,3.68495083,4.434,14.2382927382958,,6.12675551779212,48.7542672556712,85.3,2.84466514463005,5.981,44.7455804408753,0.0568247825820182,19.67350006,22.1,58.532153345468
COG,"Congo, Rep.",Sub-Saharan Africa ,Lower middle income,2482.2489948456,7026.36223281494,15719986076.6464,6332961,66.001,,3.29744148,19.876,2.941176470588235,,2.57966943921721,52.7796430530581,,3.34005209256916,4.109,63.8866111699904,1.33536271579755,47.25159836,51.3,95.5319320614796
COL,Colombia,Latin America & Caribbean ,Upper middle income,7919.20886825345,22349.436440123,418818154879.271,52886363,77.913,54.4,8.14139366,8.29,5.684597924794688,11.25,1.5983315366523,16.0992987183311,8.5,5.26166009902954,1.634,78.5210811866115,1.79780371737796,79.34543299,98.7,174.094289675393
COM,Comoros,Sub-Saharan Africa ,Lower middle income,1662.75663312504,3958.53228789687,1440991455.45188,866628,67.023,30.3,6.55212021,3.819,-1.854304635761589,,3.3381010943571,9.91147670486209,5.1,2.34146896682989,3.822,33.5392215673301,0.514984514693732,32.51750183,89.8,109.855630436495
CPV,Cabo Verde,Sub-Saharan Africa ,Upper middle income,5192.48157325878,11195.1205312923,2725414150.72735,524877,76.224,,5.84791613,11.939,0.3350644999162339,,7.24388538990945,42.4986063576876,,4.3482854136693,1.511,76.7721471004354,1.28830183071462,74.73519897,98.6,111.84067886381
CRI,Costa Rica,Latin America & Caribbean ,High income,18587.1532203482,31106.7643556729,95350423176.5962,5129910,80.996,45.5,6.8663702,6.843,-1.639284576525736,,4.32122429646145,38.5317940509141,0.8,5.31208992004395,1.318,79.3107672397967,1.63283566378358,87.17019653,100,136.024511151268
CUB,Cuba,Latin America & Caribbean ,Upper middle income,9605.27914559614,,107352000000,10979783,78.264,,9.38383102,1.746,,,-1.06173273220524,42.4701633021061,,8.44086351669284,1.445,77.1664929228275,1.9129886264601,70.47699738,100,72.930002350684
CUW,Curacao,Latin America & Caribbean ,High income,22832.8953958667,32693.2939764893,3561178196.20713,155967,76.989,,,,2.84834488067744,,5.02690000000014,63.2460005532277,,5.44313725490196,1.4,91.4321812441765,,68.1272162511339,100,93.7975591472655
CYM,Cayman Islands,Latin America & Caribbean ,High income,99143.5180243123,88427.7866712691,7241244269.45972,74457,80.54,,,,-0.62525835861814,,5.8155918263088,59.6335987813842,,1.57024002075195,1.525,100,4.99617228736049,81.0676932508161,100,139.314997695241
CYP,Cyprus,Europe & Central Asia,High income,38674.29296875,63006.61328125,37634533331.8902,1358282,81.821,31.8,8.11912918,4.924,2.539795202420233,2.0,3.94077381708404,97.0202359384563,0,4.74210977554321,1.38,66.6824259192483,5.40469504859816,89.60099246,100,156.218025662252
CZE,Czechia,Europe & Central Asia,High income,31823.3078290564,57285.4237001379,347034062928.479,10905028,79.9780487804878,25.7,8.50710297,2.825,2.110442864953516,3.5,1.23308611983484,68.8681514483249,0,4.30291986465454,1.36,72.7947984592185,7.12966532502255,87.68776014,100,126.600163061009
DEU,Germany,Europe & Central Asia,High income,56103.7323182554,73551.9347696836,4685592577804.69,83516593,80.7926829268293,33.7,12.26655293,3.711,2.875924404272802,2.0,-0.495851897260366,41.4340593720908,0.7,5.23916006088257,1.36,82.0211432579125,6.94395663386317,93.49999579,100,129.150921864378
DJI,Djibouti,"Middle East, North Africa, Afghanistan & Pakistan",Lower middle income,3552.72335079222,7810.27869066792,4152145939.98458,1168722,66.202,41.6,2.28316021,26.015,3.024390243902439,,6.98048467276334,126.415267144255,25.4,3.75143003463745,2.618,72.9052635052978,0.765537056716653,65.29889679,65.2,48.4504884885996
DMA,Dominica,Latin America & Caribbean ,Upper middle income,10405.2787777582,21300.6848698089,688881481.481481,66205,71.294,,5.00757647,,0.3403841478239728,,2.052738472526,,,5.38572189060925,1.48,73.5449839980866,1.27331772524734,82.04689789,100,85.1898961482058
DNK,Denmark,Europe & Central Asia,High income,71026.4832271897,81878.2349849181,424524722037.047,5976992,82.2536585365854,29.9,9.38812923,5.529,1.391424273425266,1.85,3.47783593140312,71.0020132043046,0.4,6.35586023330688,1.47,88.6960552688405,4.2782054919933,99.76915157,100,126.686532566268
DOM,Dominican Republic,Latin America & Caribbean ,Upper middle income,10875.6618443092,27541.6625283384,124282245638.568,11427557,73.868,39,4.59880495,5.092,5.346101558226782,,4.95352204492849,22.7679273981921,0.8,3.7606477375256,2.222,72.4121874752151,2.99473457012728,91.0022446,99.6,93.7095828968519
DZA,Algeria,"Middle East, North Africa, Afghanistan & Pakistan",Upper middle income,5752.99076651465,17620.7423956126,269322281664.773,46814308,76.475,,4.35082531,11.633,2.862348036296115,,3.69999999907979,19.8523800653814,,8.97772026062012,2.723,75.2792907190618,3.98080005796518,77.4178009,100,115.457278573892
ECU,Ecuador,Latin America & Caribbean ,Upper middle income,6874.705739766,15840.2668567412,124676074700,18135478,77.579,45.9,7.56167889,3.308,2.596187624871502,,-2.00125476341026,30.2786006784668,3.4,3.69074988365173,1.806,63.2376932397602,2.64474970000791,77.17273115,98.7,101.598265014024
EGY,"Egypt, Arab Rep.","Middle East, North Africa, Afghanistan & Pakistan",Lower middle income,3338.47371395895,19094.1449444111,389059911003.566,116538258,71.806,28.5,4.88449335,6.781,14.89191353082466,,2.3991692678251,16.3762422101126,1.4,,2.735,42.8004363938404,2.50251380967098,74.64839935,100,97.1295066037455
ERI,Eritrea,Sub-Saharan Africa ,Low income,,,,3535603,68.893,,3.6837678,5.978,,,,,,,3.68,34.5365524291992,0.220047329974547,14.34939957,54.4,59.1248082166991
ESP,Spain,Europe & Central Asia,High income,35326.7683069278,57965.2948138837,1725671652742.19,48848840,83.8878048780488,33.4,9.2206583,10.376,3.447843330511824,2.0,3.45525405630191,37.0558792721708,0.8,4.58553981781006,1.1,80.315199821207,4.50540688376633,95.7574516,100,130.260997343256
EST,Estonia,Europe & Central Asia,High income,31428.3547816104,49968.7108278373,43130419829.35,1372341,79.2951219512195,30.7,7.83648062,8.313,3.394674406945815,2.0,-0.0900428648493801,75.6694833213142,0.3,5.20733976364136,1.18,70.6981161541961,7.75936884491537,92.23796204,100,151.131825017309
ETH,Ethiopia,Sub-Saharan Africa ,Not classified,1133.88279681719,3287.53492158893,149740297952.986,132059767,67.603,31.1,2.80310345,3.323,9.221026866329634,,7.61277447511073,5.53927082166415,38.6,2.2978069565991,3.909,23.6222839355469,0.146636636122491,21.94129944,55.4,65.0825091944922
FIN,Finland,Europe & Central Asia,High income,53149.7671934051,65378.3841859721,298696961297.656,5619911,82.3365853658537,27.4,10.47389507,9.461,1.494737973761682,2.0,0.416171964862073,41.9077919866069,0.2,6.37578010559082,1.25,74.2637190463636,5.53521221243539,93.72405196,100,125.860954798649
FJI,Fiji,East Asia & Pacific,Upper middle income,6425.74151715712,15450.2993265388,5968125909.27126,928784,67.463,30.7,3.61524153,5.347,3.932082216264522,,3.53085896076352,,4.7,4.24679790890603,2.27,59.0766602292457,1.62222863442953,74.7052002,99.3,574.152332512188
FRA,France,Europe & Central Asia,High income,46103.0840855884,62556.91810454,3160442622465.08,68551653,82.9804878048781,31.8,11.53530598,7.542,1.702460813007154,2.0,1.19046798275883,33.8897542343832,0.1,5.32434988021851,1.61,78.7999750964116,4.00355772602595,88.65381638,100,116.687800394775
FRO,Faroe Islands,Europe & Central Asia,High income,74119.6607553879,81908.7781785018,4052937169.76536,54681,83.0832463414634,,,,,,0.843716851362103,54.5562557930637,,,1.9129,39.4132325882965,0.0384045646568278,97.5819589384468,100,105.80437318324
FSM,"Micronesia, Fed. Sts.",East Asia & Pacific,Lower middle income,4166.00476748564,4346.84249671875,471425099.488675,113160,67.357,,12.88087559,,5.40874375479067,,0.718990177344025,26.9395923419752,,11.5591397849462,2.743,22.4562830235421,0.00176740897843761,39.52360153,86.9,19.9885830493962
GAB,Gabon,Sub-Saharan Africa ,Upper middle income,8230.04311451151,21510.1725307344,20895684425.6752,2538952,68.511,38,3.13430715,20.154,1.59704845814978,,3.39403899592401,64.5782984800721,3.8,2.31594287726056,3.592,91.8632094677575,2.0474983378969,68.72090149,94.1,125.337107593999
GBR,United Kingdom,Europe & Central Asia,High income,53246.3676145108,62009.4907765366,3686033044482.13,69226000,81.3868536585366,32.4,11.133358,4.746,2.977487291212781,3.75,1.1264226705118,30.9841588401688,0.4,5.90681982040405,1.551,83.2429544416085,4.22412677317771,95.4720993,100,121.643331373201
GEO,Georgia,Europe & Central Asia,Upper middle income,9241.49122313713,28285.0732802982,34189423544.9955,3699557,74.657,33.9,6.85758877,12.097,5.743684346148829,,9.67979387500691,47.8150661123874,4.2,3.98011682083814,1.802,61.0789605093733,3.6402736868225,83.79855689,100,161.201784818537
GHA,Ghana,Sub-Saharan Africa ,Lower middle income,2390.77237652715,8019.99702389611,82308110386.4641,34427414,65.695,43.5,2.94686937,2.979,3.723608445297505,,5.59045469593266,35.4733766353922,39,2.90963831638452,3.344,58.3654868038581,0.702085843566409,72.17569733,89.5,113.647966704673
GIB,Gibraltar,Europe & Central Asia,High income,,,,39329,83.63,,,,,,,,,,1.885,100,16.1483892293219,94.4444715818151,100,97.6042968438406
GIN,Guinea,Sub-Saharan Africa ,Lower middle income,1694.95375862193,4565.3007888456,25008678293.4084,14754785,60.904,29.6,3.69442987,5.163,5.00916310323763,,5.35004659051708,41.3930067703226,11.7,1.72470879088585,4.131,38.0713036688655,0.352794025802477,33.30469894,51.1,97.8794996455513
GMB,"Gambia, The",Sub-Saharan Africa ,Low income,871.340291776294,3475.61245701341,2404888749.21907,2759988,66.057,38.8,2.89250112,6.521,7.630517314481052,,5.55126069510321,8.74884230794758,22,2.80838156544977,3.907,64.2994103409645,0.178370340740612,49.49430084,66.9,126.243773523653
GNB,Guinea-Bissau,Sub-Saharan Africa ,Low income,1007.74151728028,3119.37157047437,2218393804.54798,2201352,64.254,33.4,8.82204819,2.673,-3.513862665661598,,4.14631137217332,11.8473182676423,39.9,,3.757,46.113204421822,0.155449923501557,29.77739906,40.5,147.197631273872
GNQ,Equatorial Guinea,Sub-Saharan Africa ,Upper middle income,6745.40013244916,17566.7600284073,12765777677.0622,1892516,63.906,38.5,3.49941635,8.337,2.781289506953224,,0.907248245986736,35.1642525721225,8.8,,4.116,71.3574028749806,2.55052004844345,63.29930115,66.9,49.5380486763568
GRC,Greece,Europe & Central Asia,High income,24626.1481858973,44327.2097808276,256238371778.118,10405134,81.8390243902439,33.4,8.39367008,8.54,5.449942424330605,2.0,2.0865743380603,42.1116783220502,0.6,3.37547993659973,1.24,78.9967856500534,5.04642227577271,86.26968886,100,113.597610306796
GRD,Grenada,Latin America & Caribbean ,Upper middle income,11705.0902976658,20177.8094927386,1371918518.51852,117207,75.367,43.8,4.65330839,,0.5741387918122816,,3.96332516398188,,0.8,5.12544845968893,1.472,36.5628000454229,1.50076360626925,70.16159821,94.4,95.759239776586
GRL,Greenland,Europe & Central Asia,High income,58498.9707973609,78840.5978395988,3326543974.39193,56836,70.2734146341463,,,,,,0.865961986998158,40.7986421686905,,,1.706,88.3195347935238,10.4528819762123,69.4824617821988,100,118.637256652974
GTM,Guatemala,Latin America & Caribbean ,Upper middle income,6150.02571438505,14368.6605681815,113199581158.203,18406359,72.746,45.2,6.80241346,2.604,2.497272915543398,,3.65186382894819,15.8928719472371,9.7,3.07588005065918,2.287,55.9547027274763,1.1066501528086,60.22140121,100,112.520863034346
GUM,Guam,East Asia & Pacific,High income,41833.1517132825,,6910000000,167777,77.422,,,5.569,,,5.09986426216793,7.88712011577424,,,2.748,94.1726346571831,0.00178808775934723,80.5054655600831,100,
GUY,Guyana,Latin America & Caribbean ,High income,29675.2443873316,80155.03939277,24662709832.1343,831087,70.319,,2.46673751,11.962,3.356365260964831,,43.8193108024355,,,4.45058012008667,2.395,26.477717988557,4.55860818422139,83.00080109,98.9,112.56503784518
HKG,"Hong Kong SAR, China",East Asia & Pacific,High income,54074.6928519479,75195.9865970615,406863396487.342,7524100,85.3926829268293,,,2.799,1.751152073732719,4.0,2.50498758466826,181.791342240576,,3.80552005767822,0.841,100,4.60070971943488,95.75536971,100,364.848981963231
HND,Honduras,Latin America & Caribbean ,Lower middle income,3426.43483328923,7486.01869616445,37093565854.0437,10825703,73.044,45.7,7.70976162,4.92,3.943993348115308,,3.55397003296669,33.5491009940495,15.7,4.54962037172702,2.476,58.7850728104829,1.13551979026212,58.62269974,95.6,70.9397440517258
HRV,Croatia,Europe & Central Asia,High income,24050.4397933135,49550.7921506017,92983810328.9088,3866200,78.9292682926829,30.1,7.14699411,5.002,4.824222040339261,2.0,3.82688702890739,50.1410891949889,0.3,4.0916600227356,1.46,57.5158981711443,4.83151414825927,83.63240029,100,121.732525659138
HTI,Haiti,Latin America & Caribbean ,Lower middle income,2142.62330526788,3193.67136419915,25224154990.7946,11772557,65.119,,3.19156528,14.944,20.96294828611056,,-4.16963395808132,3.40077493286271,,0.964648012977964,2.625,55.0372652481002,0.298473814991934,47.8614006,51.3,65.1889329311174
HUN,Hungary,Europe & Central Asia,High income,23292.3263882478,48552.4708092529,222722738925.641,9562065,76.7243902439025,30.6,6.36868954,4.521,1.81190681622088,6.25,0.560117843140432,75.3908902777126,0.9,3.8011999130249,1.41,70.491825943218,4.45791782423566,93.77898628,100,104.58063059269
IDN,Indonesia,East Asia & Pacific,Upper middle income,4925.43048751861,16448.2755179559,1396300098190.97,283487931,71.288,34.4,2.70239949,3.237,3.081336171000278,4.75,5.03034469419038,22.18331286866,4,1.27517088245674,2.115,58.7509635387997,2.86503978188758,72.78075544,99.4,122.514946500491
IMN,Isle of Man,Europe & Central Asia,High income,88328.548125887,,7431257410.92713,84160,81.091,,,,,,-4.16539345213232,,,,1.544,52.1633405796294,,,100,
IND,India,South Asia,Lower middle income,2694.73780859961,11159.9856476091,3909891533858.08,1450935791,72.235,25.5,3.33944035,4.219,3.484937979917307,5.25,6.49476552383821,21.1618460520863,5.3,4.09865814174589,1.962,35.3788972368389,2.17365173535787,70,99.5,79.3526921826412
IRL,Ireland,Europe & Central Asia,High income,112894.953240805,133437.470117019,609157459747.205,5395790,83.009756097561,29,6.85410833,4.632,3.703703703703704,2.0,2.59946721553708,143.984601661031,0.1,2.90461993217468,1.47,64.3470379255585,6.03605774131313,97.18769836,100,112.638817343502
IRN,"Iran, Islamic Rep.","Middle East, North Africa, Afghanistan & Pakistan",Upper middle income,5190.16959024821,19873.8860853805,475252089215.416,91567738,77.854,35.9,6.02542305,8.301,73.51417250838159,,3.66312056830718,23.5514720983508,2.5,2.82443290958712,1.684,77.0201263427734,9.05329342087712,85.3404007,100,174.066388972063
IRQ,Iraq,"Middle East, North Africa, Afghanistan & Pakistan",Upper middle income,6073.61032342708,14464.3186928173,279641257615.385,46042015,72.424,29.8,5.53275251,15.485,4.263206672845227,,-1.54525198318304,37.5074937454157,0.5,,3.221,69.8861494108913,5.18375227496016,81.47450256,100,100.080276677726
ISL,Iceland,Europe & Central Asia,High income,86040.5309851288,84256.8454573112,33255181468.9382,386506,82.809756097561,26.8,8.98358727,3.625,5.148108597646195,7.75,-0.970676468918384,42.4519862872913,0.1,7.30798006057739,1.56,94.1819039916522,8.5199194837855,98.209198,100,120.927513243653
ISR,Israel,"Middle East, North Africa, Afghanistan & Pakistan",High income,54176.6844383302,57235.7763244136,540379921261.681,9974400,83.1975609756098,38.3,7.09822369,3.489,1.939864209505335,3.75,0.871968424377442,28.4347615877701,0.4,5.93291997909546,2.87,91.536188843818,5.78134023099134,88.18242225,100,177.393104798636
ITA,Italy,Europe & Central Asia,High income,40385.3413957669,62014.2675153689,2380825077243.59,58952704,83.9512195121951,34.3,8.44437313,6.391,2.7,2.0,0.692676948440536,32.505041554007,0.9,4.06775999069214,1.18,69.6047535143071,5.07573834102673,89.2207202,100,132.575141676252
JAM,Jamaica,Latin America & Caribbean ,Upper middle income,7753.8006955432,12890.2660051472,22014397089.7689,2839175,71.606,39.9,7.60493946,3.286,5.496828752642706,,-0.535039063867487,,1.4,5.51383018493652,1.351,58.9301585439922,2.84378384565939,90.10870361,97.7,117.693907561175
JOR,Jordan,"Middle East, North Africa, Afghanistan & Pakistan",Lower middle income,4618.09592498567,10821.4909765317,53352289577.4648,11552876,77.981,,7.66000605,16.535,2.491380798445392,,2.48889409603647,42.6120551194793,,3.23356008529663,2.604,92.9501393764286,2.0898692239058,95.62244985,100,69.6426153972396
JPN,Japan,East Asia & Pacific,High income,32487.0778047567,52039.1716551611,4027597523550.58,123975371,84.0363414634146,32.3,10.73979473,2.451,1.44014401440144,0.75,0.104309021773304,22.7689998646748,1.2,3.33663988113403,1.15,92.1901718034531,7.84242057238933,85.54153081,100,178.432441299977
KAZ,Kazakhstan,Europe & Central Asia,Upper middle income,14154.6324958076,40890.9317694408,291480274648.826,20592571,74.531,29.2,3.76701546,4.771,10.36363636363636,,4.99999999996936,31.5871636865516,0,4.86469984054565,2.984,62.072531584162,12.5678187536661,93.39167254,100,127.085151242164
KEN,Kenya,Sub-Saharan Africa ,Lower middle income,2132.43452097647,6644.13093243895,120339557905.932,56432944,63.834,38.5,4.35172892,5.449,4.393656439627313,,4.72473994710138,17.0656153005354,45.5,4.02242346098974,3.167,31.8937831721599,0.38344092060836,34.97622513,76.2,126.477706000949
KGZ,Kyrgyz Republic,Europe & Central Asia,Lower middle income,2420.18542283831,8012.45464442194,17478259659.2625,7221868,72.4,27.5,4.50344467,3.526,11.36103049796206,,9.04013556120012,43.4429915578402,2.2,6.82694680798777,2.6,34.7219977865937,1.48784220370685,92.0286026,100,107.49229509732
KHM,Cambodia,East Asia & Pacific,Lower middle income,2627.87969756224,7966.87352428705,46352647037.2406,17638801,70.817,,4.61706829,0.263,5.78717929021355,,5.97510939607335,71.3635841655888,,2.1809128340295,2.548,40.8727033252729,1.10207037315065,68.47530365,95,116.091961125929
KIR,Kiribati,East Asia & Pacific,Lower middle income,2288.63471423684,3702.32594703115,307862564.489711,134518,66.6,24.7,10.94525623,,6.541557453323596,,5.26689747917099,5.92015763569494,0.9,16.39053,3.124,62.4620431275642,0.592485763986976,89.44029999,95.9,53.5244353915461
KNA,St. Kitts and Nevis,Latin America & Caribbean ,High income,23960.6534357084,34846.6035342828,1122388888.88889,46843,72.281,,5.73595428,,1.378347727470994,,0.312226855858171,,,3.49726171629099,1.526,31.795061903951,2.88410221377794,76.88400269,100,118.893023653706
KOR,"Korea, Rep.",East Asia & Pacific,High income,36238.639908315,61051.3492502498,1875388209406.8,51751065,83.6292682926829,32.9,8.67656994,2.683,3.139244861099166,2.5,2.00361101838986,44.3582383593234,0.1,5.40910005569458,0.748,81.1682528469686,11.3622569893006,97.89563777,100,172.520241179065
KWT,Kuwait,"Middle East, North Africa, Afghanistan & Pakistan",High income,32717.7186631255,52443.5969223626,160227273053.334,4897263,84.580487804878,,4.96311998,2.181,2.567865003668379,3.5,-2.56011099967517,57.7301505140508,,6.43592667889685,1.56,100,23.6726718577295,100,100,167.68428501222
LAO,Lao PDR,East Asia & Pacific,Lower middle income,2123.97909415109,9775.82817381023,16502933121.3379,7769819,69.225,34.7,1.32651615,1.187,10.17939937218249,,4.13019264436937,33.209427456122,7.1,1.23375160355741,2.397,39.5552154401406,3.35435098295083,65.59269714,96.5,64.7588066942788
LBN,Lebanon,"Middle East, North Africa, Afghanistan & Pakistan",Lower middle income,3477.72489842684,12574.8329116403,20078620356.9931,5805962,77.945,35.5,5.57497263,10.985,20.0241469848656,,-0.760584470257314,30.5514119674735,5.8,1.22490869993085,2.227,90.703695784554,1.89531037233795,80.63400269,100,74.0148340435503
LBR,Liberia,Sub-Saharan Africa ,Low income,851.497723870206,1871.04406164262,4779300900,5612817,62.324,35.3,13.00574875,2.884,5.824505525183592,,4.02185464964835,,33.6,2.2665256232687,3.864,55.5387986654968,0.154485706553412,32.23360062,32.5,32.0638885570006
LBY,Libya,"Middle East, North Africa, Afghanistan & Pakistan",Upper middle income,6569.16408678648,14303.8087736988,48487151215.345,7381023,71.121,,7.80515862,18.758,12.32741617357002,,1.89995052025442,71.9709773794281,,,2.298,87.8854066107749,8.66457129316627,81.95449829,73.2,192.97309381967
LCA,St. Lucia,Latin America & Caribbean ,Upper middle income,14181.6303351598,27567.3280779839,2549062962.96296,179744,72.846,,4.7298274,9.452,0.3320844686648501,,3.89175024218898,,,3.84700018653403,1.385,29.0973354237452,1.71076642335766,68.20500183,100,98.6676436534083
LIE,Liechtenstein,Europe & Central Asia,High income,206780.590353385,,8239379403.22096,40450,84.2,,5.71460724,,,,,,,,1.37,14.657584904886,,98.2641983,100,128.901429646351
LKA,Sri Lanka,South Asia,Lower middle income,4515.56787322732,15632.5924849848,98963185509.6499,21916000,77.672,37.7,3.68313766,4.005,5.49792531120332,,5.00871930957159,19.8863207168995,2.7,1.82774571561927,1.952,20.2996997058686,1.06473352801606,54.59,100,132.548743018664
LSO,Lesotho,Sub-Saharan Africa ,Lower middle income,971.90771824829,3001.16311951334,2271759454.51107,2337423,57.798,44.9,12.61182117,16.315,2.191898481508888,,2.85452253179545,42.9229806904018,41.9,6.62253066096596,2.664,43.6780334209246,0.428078272524913,51.79660034,57.3,70.328049309004
LTU,Lithuania,Europe & Central Asia,High income,29384.0189598663,55285.8991934304,84869215513.3648,2888278,77.1951219512195,36,7.59519005,6.731,3.445575112296708,2.0,2.77263124530285,74.1139807545184,1.1,4.25285005569458,1.11,68.8285833315315,4.49056496639174,89.16116293,100,138.728835196967
LUX,Luxembourg,Europe & Central Asia,High income,137781.681659123,155941.288210791,93279851863.4062,677012,83.1951219512195,33.6,5.89136267,6.343,3.073230873735861,2.0,0.35861253942069,191.532970187611,0.1,3.74451994895935,1.25,94.8438702866393,10.5572722492364,99.12902211,100,144.474949556306
LVA,Latvia,Europe & Central Asia,High income,23409.0845154775,43394.2732822314,43684254432.3609,1866124,76.4292682926829,34,7.27783823,6.568,3.426929325556905,2.0,-0.0461080109713521,65.334130371428,0.4,4.3196702003479,1.24,68.4839492628509,3.647774745944,92.70757011,100,121.262202363304
MAC,"Macao SAR, China",East Asia & Pacific,High income,72004.7437020733,126959.917138906,49467258923.3244,687000,83.3317073170732,,,2.347,0.5422605720683622,,7.84960207010525,92.1896066002616,,3.50183010101318,0.582,100,2.52532751091703,89.82640076,100,201.136947388589
MAF,St. Martin (French part),Latin America & Caribbean ,High income,21668.3776525323,,649206262.847519,26129,80.438,,,,,,4.89999967133534,,,,2.673,100,,,100,
MAR,Morocco,"Middle East, North Africa, Afghanistan & Pakistan",Lower middle income,4153.1943359375,10415.1240234375,160610994054.734,38081173,75.493,,6.06396198,9,1.673640167364017,2.25,3.79336515978963,41.9985232956684,,6.02096928801329,2.208,62.7998124018197,1.83925269318779,91.2,100,153.057260079672
MCO,Monaco,Europe & Central Asia,High income,288001.433369041,,11125783372.4794,38631,86.497,,3.11959291,,,,8.51053758860212,,,1.73223996162415,2.102,100,,99.04489899,100,107.400792109963
MDA,Moldova,Europe & Central Asia,Upper middle income,7576.19589413326,18614.9880691203,18200340853.6517,2402306,71.332,26.8,6.7359705,1.505,5.81568301090286,,0.103059364371205,31.4135471152499,0.1,6.55709981918335,1.726,43.516471862793,3.41675873098598,77.3687973,100,120.083487069521
MDG,Madagascar,Sub-Saharan Africa ,Low income,544.987501003384,1883.5374311384,17420501490.1231,31964956,63.835,36.8,3.42822957,3.041,6.605627009646302,,4.19999999988647,23.2624873560347,69.2,3.04770386693564,3.912,32.4339893339844,0.146494805123461,18.67790031,39.4,75.4562966735535
MDV,Maldives,South Asia,Upper middle income,13379.3513577224,26182.7831570917,7061608267.25451,527799,81.285,29.3,9.24973583,4.514,2.902373256298188,,3.49440422654285,78.214216540835,0,5.16706374664829,1.56,41.9982152717385,3.56650922036609,85.23999786,100,148.137074909198
MEX,Mexico,Latin America & Caribbean ,Upper middle income,14185.7812248529,26185.3564713253,1856365616165.94,130861007,75.264,42.6,5.50398684,2.673,4.448503079787996,6.5,1.42742769080466,36.7033688165177,1.6,4.05987977981567,1.892,79.7538805976118,3.63738680384754,83.12233799,99.7,116.486713265167
MHL,Marshall Islands,East Asia & Pacific,Upper middle income,7726.33668877794,8194.63854758403,290108489.990234,37548,67.075,35.5,13.40528965,,,,2.50192717852873,42.0641891803046,2.1,7.70088005065918,2.864,78.7325660244112,0.00266325769681474,65.915802,100,39.7060658232902
MKD,North Macedonia,Europe & Central Asia,Upper middle income,9291.85661671864,26995.4292563497,16951682245.4202,1824359,76.6165853658537,33.5,7.42730284,12.256,4.952053650990091,4.0,2.99373536567732,61.6792037479617,3.9,,1.4,62.5645376928533,3.99992545326879,93.1,100,108.38712260883
MLI,Mali,Sub-Saharan Africa ,Low income,1094.61949265799,3314.77332231959,26794747239.8805,24478595,60.675,35.7,3.81316996,2.831,-2.207034092539003,,4.99226917482922,22.5654040787797,36.1,4.18465094218116,5.51,31.6075621182225,0.302799241541437,36.80149841,54.5,112.119852778009
MLT,Malta,"Middle East, North Africa, Afghanistan & Pakistan",High income,43898.5781808597,69863.7461313457,24971574502.4475,568847,82.9560975609756,31.8,8.84301376,2.896,2.839062903872891,2.0,6.79990300224401,118.486117223807,0.4,4.71258020401001,1.01,95.6546264490509,3.17888641409729,93.86029816,100,142.070062100751
MMR,Myanmar,East Asia & Pacific,Lower middle income,1359.05001560107,5997.46516323715,74068349523.8095,54500091,67.095,30.7,4.45748425,3.047,0.969401605407462,,-0.97204641363362,,10.3,1.99976003170013,2.098,30.4499084074136,0.575463259318228,45.4477005,76.8,114.329042129489
MNE,Montenegro,Europe & Central Asia,Upper middle income,13263.3281277699,34062.7577672706,8270016670.86774,623525,77.890243902439,34.3,9.6549921,13.572,4.016430163332197,,3.16409886329913,43.7470829634338,2.5,,1.8,65.5422314706266,,88.88258428,100,221.687322527444
MNG,Mongolia,East Asia & Pacific,Upper middle income,6750.6301157724,19144.7261368498,23794540024.5132,3524788,72.3980487804878,31.4,6.07207489,5.233,11.15428854873586,,5.12204539122661,68.7165627140568,0.4,5.21229982376099,2.5,70.9566040039062,7.84665630954259,85.12349701,100,140.670025377351
MNP,Northern Mariana Islands,East Asia & Pacific,High income,23785.754590043,,1096000000,44278,78.947,,,,,,16.6427546628408,22.2627737226277,,,2.324,92.0747260922394,0.00225845792492886,,100,
MOZ,Mozambique,Sub-Saharan Africa ,Low income,656.776824637306,1705.37919520416,22745341305.0622,34631766,63.797,49.6,8.50126553,6.628,7.219575978331932,,2.14854964610538,42.8352957458,81.4,5.97607342054314,4.69,36.4332337447237,0.292006477521244,20.52729988,36,49.5047696961223
MRT,Mauritania,Sub-Saharan Africa ,Lower middle income,2110.12036938187,7368.75275290214,10908045686.8808,5169395,68.713,32,4.34333467,10.319,4.723779023218575,,6.30760213290844,41.4108312054046,10.2,7.61007976531982,4.625,60.6068586411829,0.969475151347498,45.77939987,50.3,92.0748946443443
MUS,Mauritius,Sub-Saharan Africa ,Upper middle income,11990.7798944837,31839.7597535524,14937861786.17,1245779,73.7890243902439,36.8,5.56544495,5.635,0.0,,4.92512304864294,67.1117611086111,0.5,4.247389793396,1.44,39.0162147027917,3.53634151803811,73.30793533,100,172.68356921857
MWI,Malawi,Sub-Saharan Africa ,Low income,522.570393642547,1857.61756950305,11316411329.4619,21655286,67.561,38.5,6.53459597,5.072,24.31704919264767,,1.6734340852915,11.2450363894528,75.4,2.74888371105811,3.59,17.268503531213,0.221419380007265,18.96159935,15.6,69.260530662121
MYS,Malaysia,East Asia & Pacific,Upper middle income,11874.4273684245,38779.2830442253,422227005428.688,35557673,76.821,40.7,3.95760036,3.764,1.93596425912137,2.75,5.10545921024041,71.3410849829908,0,3.51481008529663,1.543,76.9170296648992,8.32321620146515,98.0206059,100,139.664651283564
NAM,Namibia,Sub-Saharan Africa ,Lower middle income,4413.12752211572,11686.6020661881,13372354511.716,3030131,67.516,,9.48251629,19.291,4.109151536109444,,3.71154502416731,41.6438674740671,,9.08440819434816,3.211,50.4088030252155,1.20450237960009,64.87460327,56.7,85.1648988113055
NCL,New Caledonia,East Asia & Pacific,High income,29213.1923192946,,8548919387.12607,292639,78.921,,,11.174,0.931501693639438,,-13.5,11.6947134971338,,,1.964,67.9514695585577,17.0800884366062,82.0058408035186,100,91.6763895612682
NER,Niger,Sub-Saharan Africa ,Low income,735.270255787226,2049.93305251019,19876128485.7857,27032412,61.433,32.9,4.04895782,0.394,-10.65573770491803,,10.3000000007793,27.3239202725758,60.5,4.07412707618114,5.935,18.0497398450803,0.118901709547783,15.55760002,20.1,60.5939862118112
NGA,Nigeria,Sub-Saharan Africa ,Lower middle income,1084.16041805436,9086.87550609627,252261880141.151,232679478,54.635,33.9,4.19086456,3.064,15.37946087068691,,4.06236408888319,,41.8,0.319069049792343,4.382,62.9755675573659,0.566917637661195,41.21139908,61.2,70.7619057835431
NIC,Nicaragua,Latin America & Caribbean ,Lower middle income,2847.53966339498,8708.79983051626,19693982967.5926,6916140,75.1,,8.29879284,5.04,3.986133422579206,,3.5878302292345,40.4630624895997,,2.86954998970032,2.206,59.2628402709961,0.829841501184187,61.39550018,88.3,105.961143065351
NLD,Netherlands,Europe & Central Asia,High income,67520.4218956281,86173.6290841738,1214927698572.66,17993485,81.9658536585366,25.7,10.00551128,3.874,2.781262077991485,2.0,1.08100584845663,82.4303604853273,0.1,5.17918014526367,1.43,95.6396517079336,6.60188395966651,97.00679779,100,128.538765867661
NOR,Norway,Europe & Central Asia,High income,86785.4334489176,102037.526800237,483592648313.301,5572279,83.1609756097561,26.5,9.42925453,4.637,3.342342993423425,4.25,2.09723059960317,47.4917090116126,0.2,5.43234014511108,1.45,83.3293737928469,7.17830173255862,99,100,109.348606513576
NPL,Nepal,South Asia,Lower middle income,1447.31004458428,5736.62134332704,42914268286.7109,29651054,70.636,30,6.15843678,10.465,3.618740794481108,,3.66537430744967,7.62189857137715,2.4,3.68849173764595,1.961,66.772343163029,0.535964084109792,46.32189941,94,99.8471420273964
NRU,Nauru,East Asia & Pacific,High income,13609.158837552,14173.0081043154,162588620.632234,11947,62.279,,18.21076012,,5.14631685166499,,1.38888888888904,55.3225806451613,,5.77715015411377,3.29,100,0,83.01170349,100,87.1705787645115
NZL,New Zealand,East Asia & Pacific,High income,49205.1792146792,55551.143658637,260172385097.616,5287500,82.009756097561,,10.06186676,5.076,2.92279782301957,2.25,1.28862004711685,24.805238610326,,5.21326017379761,1.57,83.9370658833132,6.01694562647754,93.51930237,100,130.093457083544
OMN,Oman,"Middle East, North Africa, Afghanistan & Pakistan",High income,20285.2272897377,41740.1658530012,107137198769.386,5281538,80.246,,3.49047446,3.251,1.975540921919097,,1.63163221127449,66.0725661133991,,4.38311004638672,2.508,79.4440302814714,18.6519911434889,95.25174678,100,120.61105087402
PAK,Pakistan,"Middle East, North Africa, Afghanistan & Pakistan",Lower middle income,1478.77277977996,6252.11543199559,371570000121.266,251269164,67.799,33.5,2.51988316,5.42,11.6608883017285,,3.04898287335465,10.3904527903644,23,1.94658005237579,3.547,39.1734368360905,0.811831809174961,57.253,95.6,76.8544559649986
PAN,Panama,Latin America & Caribbean ,High income,19161.2188501596,41369.422541499,86523959131.7472,4515577,79.775,49.7,8.33022976,8.36,0.655986596665938,,2.74788545546916,44.3578422197701,3.1,2.47225999832153,2.106,65.9958447685488,2.73829900364892,72.77149963,97,156.586507591014
PER,Peru,Latin America & Caribbean ,Upper middle income,8452.37167056621,17802.4182498972,289221969062.941,34217848,77.941,40.1,5.63786411,5.117,3.37769221096267,4.25,3.30394098171516,28.5375908827221,5.1,4.35778999328613,1.965,85.1912729600355,2.02424185179617,81.95705992,96.2,124.623544414599
PHL,Philippines,East Asia & Pacific,Lower middle income,3984.8315387656,11794.1375488492,461617509782.355,115843670,69.946,39.3,5.10122538,2.235,6.761006289308176,,5.69201612823412,25.7734411549927,5.3,3.96922646675346,1.894,55.4520983215477,1.5030109111702,67.26300914,98,115.298749599352
PLW,Palau,East Asia & Pacific,High income,15610.8231931032,18230.2698627414,276733062.744141,17695,69.383,,10.85468197,,2.23172772921704,,2.21599800170485,26.2814362699381,,3.43726476321334,1.883,79.2095042878667,82.8426109070359,83.92549896,100,135.386698256896
PNG,Papua New Guinea,East Asia & Pacific,Lower middle income,3006.70564478923,4874.6899553589,31800428265.5246,10576502,66.256,,2.87081432,2.571,0.602403921107917,,3.79979560086888,,,0.782122804685732,3.072,15.4061816403333,0.516966762734976,18.81159973,20.5,38.7651796406789
POL,Poland,Europe & Central Asia,High income,25103.565661423,51262.5105756884,917767106146.761,36559233,78.409756097561,28.5,8.06380177,2.976,3.740041386445935,3.75,3.02841630700273,52.1798133919011,0.2,4.31372976303101,1.14,59.9705468695101,7.55108565871718,88.58496367,100,138.016156588197
PRI,Puerto Rico (US),Latin America & Caribbean ,High income,39343.7154660139,50247.8492461676,126029527033.705,3203295,81.902,,,5.991,,,3.17707554784896,51.8769700552116,,4.27101949674789,0.92,94.2539505199436,4.81694630060609,87.29178106,100,126.426375391555
PRK,"Korea, Dem. People's Rep.",East Asia & Pacific,Low income,,,,26498823,73.743,,,3.545,,,,,,,1.784,63.8589748211522,2.49971102490099,,57.5,24.1311041179361
PRT,Portugal,Europe & Central Asia,High income,29292.242104753,51679.8883807527,313271185085.102,10694681,82.3829268292683,33.9,10.24061108,6.164,2.708051299838282,2.0,2.13967177177636,45.771725043315,0.4,4.55160999298096,1.41,61.3281907341332,3.32476489948602,88.48704454,100,124.129981203404
PRY,Paraguay,Latin America & Caribbean ,Upper middle income,6416.09708970845,18523.6810153,44458118397.4445,6929153,73.982,44.2,8.35731316,4.803,1.881331403762663,,4.24996010464072,37.2016814689979,2.1,3.53410005569458,2.416,69.8622585886961,1.1581935050359,81.57806793,99.8,126.605481531224
PSE,West Bank and Gaza,"Middle East, North Africa, Afghanistan & Pakistan",Lower middle income,2592.30591217647,4371.11135857265,13711100000,5289152,69.213,36.4,10.73343945,24.42,53.6691458303782,,-26.5575264529877,21.0398873905084,2.1,5.43442010879517,3.25,87.1196014117004,,86.63765334,100,76.6918854204372
PYF,French Polynesia,East Asia & Pacific,High income,22439.8838746025,,6323716355.05009,281807,84.192,,,11.662,,,1.12638897730247,18.3213723539379,,,1.491,61.7191984724331,3.45591131519089,72.7038953132942,100,118.777524029055
QAT,Qatar,"Middle East, North Africa, Afghanistan & Pakistan",High income,76688.6941743178,126046.354855612,219162637362.637,2857822,82.522,35.1,2.52358818,0.13,0.7337915660412409,,2.35970586926597,68.5984088244276,0,3.23368000984192,1.717,99.3219891728394,47.3321641445828,98.08540344,100,153.612474384296
ROU,Romania,Europe & Central Asia,High income,20080.2096215595,49076.5399383138,382564217988.866,19051804,76.4585365853659,29.8,5.70901489,5.992,9.867972478770223,6.5,0.916003764382594,35.6030266999465,0.7,3.2788200378418,1.39,52.1674778928768,3.72055055783694,91.29048551,100,119.804862328273
RUS,Russian Federation,Europe & Central Asia,High income,14889.0185546875,47404.96484375,2173835806671.66,143533851,73.4404878048781,33,7.04438496,2.133,5.579246624022743,14.5,4.34437475491529,21.91660028345,0.1,4.16454853394225,1.418,75.1119136177067,13.9977718566194,94.36495368,100,186.103787309059
RWA,Rwanda,Sub-Saharan Africa ,Low income,999.65456165547,3710.86040434596,14251642235.0968,14256567,68.017,39.4,5.12708998,11.363,12.26447813942383,,8.89065529573114,30.8220804418076,38.6,4.61476993560791,3.645,29.8849714294083,0.162128792997641,31.70330048,63.9,93.201462876722
SAU,Saudi Arabia,"Middle East, North Africa, Afghanistan & Pakistan",High income,35121.6628687742,71375.3727890285,1239804533333.33,35300280,78.982,,5.68722248,3.038,1.515230974164851,4.25,1.99650173436159,29.1092122693749,,4.48087978363037,2.308,84.4554020211443,18.4845842582552,100,100,159.541370566589
SDN,Sudan,Sub-Saharan Africa ,Low income,984.607666015625,2115.81616210938,49672435513.1126,50448963,66.521,,2.85165739,7.53,63.3076158305155,,-13.9643375197179,0.720930190156301,,,4.264,34.8673015510839,0.433463815698253,18.60000038,66,70.2084038614961
SEN,Senegal,Sub-Saharan Africa ,Lower middle income,1773.21829923448,5070.6486207418,32808056600.9436,18501984,68.924,36.2,4.32314825,2.735,0.7541281548029704,,6.06055141198976,24.6910838959055,17.9,6.16277045366329,3.765,55.2368169057304,0.767609570951958,60.11780167,74.2,123.894453697506
SGP,Singapore,East Asia & Pacific,High income,90674.066632628,150689.301625826,547386645891.847,6036860,83.3463414634146,,4.49163246,2.818,1.764007857762532,,4.38802362461865,178.776286814392,,2.19099857819757,0.97,100,9.75144363129176,94.37757178,100,170.78256295407
SLB,Solomon Islands,East Asia & Pacific,Lower middle income,1933.55538435227,2674.89311339831,1583964703.75061,819198,70.694,,5.36366177,1.431,3.047521636506688,,2.99755987604104,40.5685062735727,,8.29349080062944,3.513,30.6617188562194,0.383912070097827,29.04070091,81.3,62.0734995506142
SLE,Sierra Leone,Sub-Saharan Africa ,Low income,806.654650417726,3522.30588009119,6971127235.3123,8642022,61.964,35.7,4.71883011,3.15,12.69032508593795,,4.29322336690163,17.2656483444292,41.5,2.62455277942046,3.703,45.3626823156371,0.16915022896262,25.10499954,35.5,107.882000873042
SLV,El Salvador,Latin America & Caribbean ,Upper middle income,5579.65969165029,13264.027090968,35364960000,6338193,72.302,39.8,9.28738594,3.303,2.164236377590177,,2.60202016121069,32.7607043808335,4.6,3.31666994094849,1.768,75.0674905102199,1.50569728627702,66.47769928,98.3,176.517423814642
SMR,San Marino,Europe & Central Asia,High income,59879.7173015651,78745.4313299335,2027527227.831,33977,85.817,,6.60829115,,1.594227219332103,,0.401934896977224,185.992794436005,,2.89753007888794,1.158,97.1560555881096,,97.35220337,100,120.269873863303
SOM,"Somalia, Fed. Rep.",Sub-Saharan Africa ,Low income,629.538899449007,1601.96466602339,11967000000,19009151,58.967,,3.74413586,18.948,5.57219474820645,,4.11139335779471,31.2108297819002,,8.14262404011e-06,6.013,54.6176465524521,0.0455149206821494,27.94020081,50.3,53.9579646939598
SRB,Serbia,Europe & Central Asia,Upper middle income,13679.2065983557,32832.1763221005,90097765959.1114,6586476,75.9682926829268,32.8,8.03133774,7.123,2.747056724937567,5.75,3.94992622592932,53.5837667090226,1.1,3.40377998352051,1.64,62.3830029804177,,87.69071294,100,123.822194984291
SSD,South Sudan,Sub-Saharan Africa ,Low income,1080.14718624765,1154.88686304107,11997800760.2242,11943408,57.738,44,11.61002254,12.374,133.5013345910273,,-10.7933646271143,36.6513492804707,76.5,1.56539228959694,3.785,21.3768190444906,,6.671000004,5.4,46.6152369503945
STP,Sao Tome and Principe,Sub-Saharan Africa ,Lower middle income,3490.56883486557,6241.85614464638,822154621.088897,235536,69.905,40.7,5.77292156,9.132,9.010861132660596,,1.09999940100751,,13,5.0288576428727,3.596,68.8710170184884,0.627080361388493,59.11759949,81.3,62.4367400312479
SUR,Suriname,Latin America & Caribbean ,Upper middle income,6961.78955961526,21800.5265989822,4416775112.09627,634431,73.757,39.2,5.40666008,7.834,10.88483146067416,,1.72095737011739,,2.2,2.86623341491363,2.231,65.7641857200885,4.06111933370217,87.4,99.6,142.122626416427
SVK,Slovak Republic,Europe & Central Asia,High income,25992.6748502048,48132.356430543,140934076532.375,5422069,78.3707317073171,23.8,7.35262203,5.359,3.862323024815422,2.0,1.93867445549446,85.4834989561279,0.5,4.65688991546631,1.46,53.1919702985684,5.51311685631444,89.82507032,100,139.967676092657
SVN,Slovenia,Europe & Central Asia,High income,34301.0318686594,57186.3713538174,72972015197.3859,2127400,82.2853658536585,24.7,9.87630939,3.175,3.109186855371974,2.0,1.73139722479493,80.9173894920357,0,5.28065013885498,1.52,55.7577708405917,6.26652251574692,90.76355487,100,130.86090177123
SWE,Sweden,Europe & Central Asia,High income,57117.4877440616,71844.9129880579,603715224265.798,10569709,84.0634146341463,29.3,11.21510124,8.694,-0.1457978818115714,1.75,0.820071806703865,54.3095809724471,0.8,7.31909990310669,1.43,88.8559748346228,3.57381645984766,95.76629783,100,140.686673016562
SWZ,Eswatini,Sub-Saharan Africa ,Lower middle income,3909.55892378182,11799.2028793201,4858885840.77236,1242822,64.264,54.6,7.49763966,34.202,4.14284126281932,,2.97391075973985,53.7558918717287,44.5,6.03082905337534,2.718,26.2498461258639,0.880335237065324,63.40309906,86.4,139.833459658744
SXM,Sint Maarten (Dutch part),Latin America & Caribbean ,High income,41472.5874498583,53768.6573945662,1797836665.95136,43350,76.528,,,,2.94823244929798,,3.00000000000014,,,3.92363832601723,1.44,100,,,100,205.372695128029
SYC,Seychelles,Sub-Saharan Africa ,High income,17858.8226383978,33238.5800343754,2167239562.46013,121354,76.2951219512195,32.1,4.48238087,,0.2837326607818411,,3.46568066415341,85.1683361715703,0.7,4.45409960547034,1.85,45.2898622460415,7.23667946668425,87.81800079,100,125.616862703001
SYR,Syrian Arab Republic,"Middle East, North Africa, Afghanistan & Pakistan",Low income,1051.67149587463,4772.4616766716,23622827079.5047,24672760,72.56,26.4,2.70998812,13.569,34.52292899408284,,0.732781301861365,6.81012687776418,18,,2.7,72.0761345758254,1.27467701221914,33.77000046,88.4,71.2231424453527
TCA,Turks and Caicos Islands,Latin America & Caribbean ,High income,37506.7798431288,37954.3876543471,1745378000,46535,78.181,,,,,,5.63682517443362,,,2.94998113247616,1.452,94.1670917861964,4.92317610400774,,100,
TCD,Chad,Sub-Saharan Africa ,Low income,961.55975562506,2742.65952183613,19518819751.283,20299123,55.238,37.4,4.99707747,1.057,-2.763384753076789,,4.19925854085865,29.7746142285578,39.5,3.20149725837724,6.028,26.9315292389497,0.142508619707364,12.62689972,12,72.9289782617702
TGO,Togo,Sub-Saharan Africa ,Low income,1119.38160509429,3365.45809007306,10651180146.531,9515236,62.935,37.9,6.10829544,1.995,0.3653941499418605,,6.53204505563791,25.0092104865492,34.7,4.14281885166484,4.121673,43.8148491605996,0.276146592685668,39.48320007,59.2,80.8035554767112
THA,Thailand,East Asia & Pacific,Upper middle income,7346.62022142185,24712.0658575135,526517658841.684,71668011,76.564,33.3,4.53787661,0.781,-0.07972097658196313,1.0,2.54182067735289,70.0497307410759,0,2.52122219628772,1.204,61.8689338391321,3.96005269352319,90.86718789,100,160.639312286761
TJK,Tajikistan,Europe & Central Asia,Lower middle income,1341.20229027672,5405.98011619139,14204575548.5536,10590927,71.927,36.1,7.43789911,6.931,3.540389275842295,,8.39999980983981,17.1918374601415,6.1,5.43682120015444,3.036,26.1788063651548,0.922478268427306,55.79339981,100,76.215892145748
TKM,Turkmenistan,Europe & Central Asia,Upper middle income,6856.65802730208,21213.0862501953,51387209872.2994,7494498,70.201,,5.49789095,4.267,,,6.2994265836889,17.5726173705893,,4.28878021240234,2.661,47.0875253910294,10.8623686336296,17.99029922,100,88.1929367884543
TLS,Timor-Leste,East Asia & Pacific,Lower middle income,1331.9705130185,4422.77882172399,1865608515.41321,1400638,67.904,,9.59779453,1.592,0.7993605115907274,,-9.10069369772735,10.5575534107684,,5.24052834781801,2.627,28.6641074179574,0.499343870436187,35.04199982,100,116.382391453038
TON,Tonga,East Asia & Pacific,Upper middle income,5651.59373063157,7802.66986206107,591139749.44287,104175,73.07,27.1,7.36037779,2.008,4.492641363284276,,2.79014366862668,14.7440206946818,0.4,5.31016278046634,3.1,21.1505271125521,1.62994960403168,67.4417038,100,61.7257858761257
TTO,Trinidad and Tobago,Latin America & Caribbean ,High income,18733.4110406494,36328.5130065685,25633544529.4849,1368333,73.617,,7.52568626,3.329,0.3993610223642173,,2.50920813979569,,,3.23358011245727,1.536,53.961056681951,19.5810522730943,82.15989685,98.7,118.786668099235
TUN,Tunisia,"Middle East, North Africa, Afghanistan & Pakistan",Lower middle income,4181.13789301228,14521.0080937638,51332285656.5422,12277109,76.711,33.7,7.98537874,15.108,5.52546045503792,,1.61444564976986,50.0016900287054,0.7,6.73398856321206,1.818,70.3585355691955,2.62113010481539,76.5,100,117.606816067203
TUR,Turkiye,Europe & Central Asia,Upper middle income,15892.7157287241,45639.0192735944,1359123768774.12,85518661,77.421,43.7,4.27524424,8.52,32.37174014615161,37.0,3.3276230893799,27.5682232095509,0.2,3.09571003913879,1.48,89.3443122873887,5.37926453268486,89.77024003,100,107.826875714392
TUV,Tuvalu,East Asia & Pacific,Upper middle income,6344.7750188689,6151.01047041608,62280311.5852172,9646,67.259,,27.08968544,,,,3.85280919517032,,,12.8456897735596,3.174,64.7254793441291,0,35.20000076,100,98.8590872698158
TZA,Tanzania,Sub-Saharan Africa ,Lower middle income,1186.71691894531,4220.79638671875,78844405385.2195,68560157,67.212,40.5,3.05201221,1.572,3.160895447304435,,5.5263138305945,19.830482870244,51.3,3.15504437906936,4.541,36.1684458862992,0.311205530057348,31.16209984,48.3,126.559163217786
UGA,Uganda,Sub-Saharan Africa ,Low income,1077.91278452817,3273.2671741364,53911907086.1525,50015092,68.487,42.7,4.23600149,2.746,3.161454570108049,,6.05558075875589,16.7575931152554,59.8,2.56105027176925,4.165,31.2777698213557,0.165048181856788,8.949831061,51.5,83.165031466902
UKR,Ukraine,Europe & Central Asia,Upper middle income,5389.47314453125,18550.462890625,190741262414.705,37860221,74.692,25.6,8.2027483,9.834,8.61156351791531,,2.9138222142611,29.4102139813249,0,5.14010000228882,0.988,69.5315643200148,3.12934781865114,82.47489929,100,133.38012811971
URY,Uruguay,Latin America & Caribbean ,High income,23906.5133029408,36417.874162496,80961511073.5797,3386588,78.287,40,9.01887608,7.516,3.773917643946742,,3.10825478066172,28.7607719167193,0.2,4.76461982727051,1.397,95.5981951588181,2.56756948291319,91.99109007,100,145.501755749445
USA,United States,North America,High income,84534.0407841548,85809.9003846359,28750956130731.2,340110988,78.890243902439,41.8,16.69414902,4.198,4.248674039164438,3.625,2.79300127716779,11.1074566893674,1.1,5.42038011550903,1.6265,80.1247798047184,13.6195685039144,94.69380188,100,113.190481805755
UZB,Uzbekistan,Europe & Central Asia,Lower middle income,3161.70010632875,11878.5528706848,114965293466.611,36361859,72.528,32.7,6.74312878,4.622,6.9512717230876,,6.49999999997677,22.7657914961315,2.3,5.47287597270024,3.486,50.9986686706543,4.08501666540206,89.50550079,100,110.492018573638
VCT,St. Vincent and the Grenadines,Latin America & Caribbean ,Upper middle income,11501.2265187188,21272.0800673662,1157207407.40741,100616,71.382,,4.43696308,18.003,0.5388760585065435,,4.06183490050209,,,6.4582691706334,1.761,47.8487050456749,1.31191858153773,76.19010162,100,108.354536057883
VEN,"Venezuela, RB",Latin America & Caribbean ,Not classified,4217.59102643391,,119802963257.783,28405543,72.673,,3.77611423,5.307,274.354298316298,,5.29999999999984,16.8598487040821,,,2.077,89.285859883201,3.39410515757435,76.67890167,100,71.0075917225029
VGB,British Virgin Islands,Latin America & Caribbean ,High income,,,,39471,77.431,,,,1.37986521190624,,,,,3.17283855528435,1.048,56.5072068980827,2.32575815155431,77.7042682926829,100,93.1316662866408
VIR,Virgin Islands (U.S.),Latin America & Caribbean ,High income,44320.909185774,49793.0324395716,4672000000,104377,80.7707317073171,,,11.443,,,-1.31123206333498,97.3672945205479,,,1.97,95.3312197036061,0.00191613094838901,64.3774942980087,100,91.4619626157421
VNM,Viet Nam,East Asia & Pacific,Lower middle income,4717.29028732449,16385.5065565458,476388230307.175,100987686,74.736,36.1,4.56109476,1.523,5.461275507548685,,7.09118746633975,90.1542210476659,1.6,2.88738689372749,1.895,38.4900703430176,4.26605675468195,84.15,99.8,127.606471743496
VUT,Vanuatu,East Asia & Pacific,Lower middle income,3410.77023167097,3605.60736691735,1117972034.22642,327777,71.654,32.3,4.1186676,5.073,11.1825017088175,,0.942185362275907,9.42548191484117,19.5,7.63695001602173,3.569,22.2866933360645,0.869798674098549,,61.6,89.2943082123161
WSM,Samoa,East Asia & Pacific,Upper middle income,5392.87761915762,8736.81606772538,1175749785.65113,218019,71.826,,6.78103304,4.996,2.126554471017618,,4.74838445564714,30.6578690306744,,5.45616637544294,3.801,17.5029115108018,1.60444731881166,,100,62.398669522115
XKX,Kosovo,Europe & Central Asia,Upper middle income,7023.06598512878,17864.4160145118,11197246322.588,1594353,78.222,38.3,,,1.61944994559476,,4.5730971681166,41.7483529574305,10,,1.538,50.3214443938994,,89.4430319734879,,34.5402009143477
YEM,"Yemen, Rep.","Middle East, North Africa, Afghanistan & Pakistan",Low income,633.887202451545,,21606160663.0318,40583164,69.439,,9.69559193,17.322,23.9081063543807,,0.752447592962554,8.75610238271449,,,4.499,36.8077517596594,0.260706631942251,17.49099922,83.6,50.8937810578557
ZAF,South Africa,Sub-Saharan Africa ,Upper middle income,6267.186814093,15456.1989933658,401144998373.585,64007187,66.312,54.1,8.90966797,32.391,4.023552502453386,7.0,0.534843531905139,31.7919070646303,17.4,6.02110004425049,2.205,63.6917984858172,6.87684962627712,78.35759735,87.7,179.336329840585
ZMB,Zambia,Sub-Saharan Africa ,Lower middle income,1187.10943350064,4214.89277804799,25303185342.2511,21314956,66.528,51.5,5.97841072,5.918,6.602019892297963,,3.82004825518591,34.9818727491304,71.7,4.07374933049157,4.036,45.4703838491279,0.542961477377669,17.10099983,51.1,108.704779873813
ZWE,Zimbabwe,Sub-Saharan Africa ,Lower middle income,2497.20332208763,5928.0806252756,41539411516.4448,16634373,63.064,50.3,2.92601609,9.293,77.18757110177609,,1.74239524880791,18.048841843204,49.2,0.384771297211919,3.674,39.8933716820696,0.772821434267465,41.64279938,62,94.2451753366358
